article,word,tf,idf,tfidf,count,pos,ngd功效,ngd品牌,rank_page
1,益生菌,0.0755132,0.22670857,0.01711949,103,n,0.67285679,0.58955609,1
1,功效,0.03445748,1.68327198,0.05800131,47,n,0,0.78370671,1
1,定殖,0.00733138,4.6340494,0.03397397,10,n,0.94661892,0.70701614,1
1,發揮,0.00659824,3.58679705,0.02366655,9,v,0.80294548,0.59608218,1
1,有益,0.00513196,2.38797979,0.01225503,7,n,0.69899698,0.68339542,1
1,體內,0.00366569,3.53910927,0.01297327,5,n,0.63211966,0.70484455,1
1,實證,0.00366569,5.64436268,0.02069048,5,v,0.85762445,0.73150762,1
1,研究,0.00879765,1.36586378,0.0120164,12,v,1.10728342,0.73666617,1
1,期刊,0.00366569,3.94090405,0.01444613,5,n,0.8945321,0.65423208,1
1,挑選,0.00806452,3.27749972,0.02643145,11,v,0.76454972,0.53461193,1
1,醫學,0.00366569,3.31596597,0.0121553,5,n,0.5181746,0.42146557,1
1,補充,0.00879765,2.29196517,0.02016392,12,v,0.56797888,0.39430986,1
1,益生菌推薦,0.01099707,5.48992604,0.06037309,15,n,0.58073834,0.52897652,1
1,有助,0.01026393,2.33882057,0.02400549,14,v,0.51685019,0.38276549,1
1,腸道,0.01173021,3.4072645,0.03996791,16,n,0.64503133,0.45462099,1
1,菌種,0.01759531,4.77968881,0.0841001,24,n,0.58534033,0.52848974,1
1,菌株,0.01612903,3.82027627,0.06161736,22,n,0.85506431,0.84921757,1
1,留意,0.00366569,3.92635836,0.01439281,5,v,0.88761151,0.58689237,1
1,建議,0.00733138,2.20114653,0.01613744,10,n,0.74685957,0.41947337,1
1,菌數,0.01173021,5.84045861,0.06850978,16,n,0.60189053,0.48111404,1
1,推薦,0.01906158,1.45325559,0.02770135,26,v,0.44387975,0.36786063,1
1,選擇,0.00879765,1.82064212,0.01601738,12,v,0.50858354,0.43207655,1
1,具備,0.00439883,4.35187788,0.01914316,6,v,0.66939844,0.38173478,1
1,存活率,0.00293255,4.31127702,0.01264304,4,n,0.88272894,0.72407594,1
1,益生質,0.0058651,6.34964545,0.03724132,8,n,0.71621775,0.62623087,1
1,寡糖,0.00293255,4.20804103,0.0123403,4,n,0.79823293,0.72233488,1
1,LP28,0.00366569,6.23981641,0.02287323,5,eng,1.05384162,0.89240762,1
1,嗜酸乳桿菌,0.00293255,5.69809406,0.01670995,4,n,0.65621466,0.66351813,1
1,族群,0.0058651,3.61284015,0.02118968,8,n,0.90236854,0.62803693,1
1,益生菌好處,0.00439883,8.19699398,0.03605716,6,n,0.69624131,0.59455632,1
2,市售,0.00585418,4.62675012,0.02708582,11,n,0.87484873,0.41824263,1
2,益生菌,0.05534859,0.22670857,0.012548,104,n,0.67285679,0.58955609,1
2,腸道,0.00957956,3.4072645,0.03264011,18,n,0.64503133,0.45462099,1
2,過敏,0.00425758,3.12875459,0.01332093,8,n,0.52349624,0.48703641,1
2,沒效,0.00425758,6.47304237,0.02755952,8,v,0.72147471,0.6031298,1
2,益生菌功效,0.00638638,6.68529524,0.04269481,12,n,0.54642562,0.57544302,1
2,差異,0.00585418,3.28697846,0.01924256,11,l,0.89783764,0.51745074,1
2,益生菌推薦,0.00266099,5.48992604,0.01460864,5,n,0.58073834,0.52897652,1
2,研究,0.00904737,1.36586378,0.01235747,17,v,1.10728342,0.73666617,1
2,幫助,0.01862693,2.38025775,0.04433689,35,v,0.47871527,0.24520063,1
2,腹瀉,0.00798297,4.39997754,0.03512489,15,v,0.47469595,0.51622196,1
2,合適,0.00319319,4.25456093,0.01358561,6,a,0.77799099,0.51191098,1
2,產品,0.01224055,1.72833347,0.02115576,23,n,0.51295934,0.36098636,1
2,類型,0.00372539,3.22244,0.01200483,7,n,0.62715179,0.2961054,1
2,功效,0.0250133,1.68327198,0.0421042,47,n,0,0.78370671,1
2,建議,0.00851517,2.20114653,0.01874313,16,n,0.74685957,0.41947337,1
2,菌種,0.02448111,4.77968881,0.11701207,46,n,0.58534033,0.52848974,1
2,HN019,0.00478978,7.39855733,0.03543748,9,eng,0.8431274,0.80165804,1
2,推薦,0.00851517,1.45325559,0.01237471,16,v,0.44387975,0.36786063,1
2,服用,0.00638638,2.3241683,0.01484301,12,v,0.61441908,0.67584718,1
2,NCFM,0.00532198,7.65568563,0.0407434,10,eng,0.97893169,1.0573399,1
2,異位性皮膚炎,0.00319319,5.50731764,0.0175859,6,n,0.64019577,0.66396441,1
2,LGG,0.00904737,5.60878616,0.05074474,17,eng,1.14395945,0.85417055,1
2,過敏性鼻炎,0.00319319,6.03138244,0.01925934,6,n,0.57730135,0.51855951,1
2,龍根菌,0.00798297,6.05082929,0.04830359,15,n,0.38726332,0.37652351,1
2,BB536,0.00212879,6.88659289,0.01466012,4,eng,1.16750777,1.0997041,1
2,LP,0.02128792,4.3913195,0.09348205,40,eng,1.56654699,1.217121,1
2,劑量,0.00266099,4.87288218,0.01296669,5,n,0.63875721,0.731345,1
2,成分,0.01011176,1.31422188,0.0132891,19,n,0.56219154,0.57961243,1
2,腸道益生菌,0.00319319,5.58955498,0.0178485,6,n,0.57610498,0.52911644,1
2,助消化,0.00691857,4.42343896,0.03060389,13,n,0.61516753,0.65732855,1
2,過敏益生菌,0.00212879,6.98924328,0.01487864,4,n,0.50632708,0.44761016,1
2,菌數,0.01011176,5.84045861,0.05905732,19,n,0.60189053,0.48111404,1
2,添加物,0.00638638,4.24707028,0.02712339,12,n,0.78759202,0.58792924,1
2,胃部,0.00266099,4.50051846,0.01197583,5,n,0.71767808,0.71388144,1
2,狀況,0.00478978,3.32581826,0.01592994,9,n,0.82420965,0.53572642,1
2,雷特氏B菌,0.00532198,6.73493902,0.03584321,10,n,0.77194121,0.64744839,1
2,森下仁丹,0.00478978,4.58403916,0.02195655,9,n,0.95815555,0.7436189,1
2,腸道保健,0.00319319,6.09720473,0.01946952,6,n,0.54008833,0.58192089,1
2,配方時代,0.00319319,12.3637884,0.0394799,6,n,0.67974657,0.62692326,1
2,BioOne,0.00425758,6.74094486,0.02870014,8,eng,1.14226051,1.09677074,1
2,腸胃益生菌推薦,0.00266099,7.68622003,0.02045295,5,n,0.64505726,0.52022515,1
2,膳食纖維,0.00745077,3.80897673,0.02837982,14,n,0.53777513,0.56202772,1
2,酵素,0.00585418,2.10905699,0.01234679,11,n,0.76901868,0.71091275,1
2,義美生醫,0.00212879,5.75938171,0.01226053,4,n,0.91985552,0.68280365,1
2,複合菌,0.00212879,7.48980045,0.01594423,4,n,0.75814854,0.64604722,1
2,調整,0.00904737,3.05058988,0.0275998,17,v,1.0045345,0.52545118,1
2,體質,0.01011176,3.4235074,0.03461769,19,n,0.58860421,0.61001802,1
2,BRAP,0.00478978,9.46833696,0.04535127,9,eng,1.29642373,1.05940536,1
2,LP33,0.00372539,5.85898887,0.02182699,7,n,0.98208971,0.83402361,1
2,HB89,0.00478978,11.3892288,0.05455192,9,eng,1.1863124,1.0328054,1
2,主菌種,0.00851517,10.5205967,0.08958465,16,n,0.69513896,0.58949662,1
2,比菲德氏菌,0.00266099,5.79733868,0.01542666,5,n,0.63946303,0.5887609,1
2,益生質,0.00745077,6.34964545,0.04730976,14,n,0.71621775,0.62623087,1
2,寡糖,0.00372539,4.20804103,0.01567658,7,n,0.79823293,0.72233488,1
2,專利,0.00425758,3.12065739,0.01328646,8,n,0.8390589,0.59322492,1
2,專利菌種,0.00532198,7.46464347,0.03972668,10,n,0.6321941,0.63733017,1
2,輔菌,0.00372539,11.9979885,0.04469714,7,n,0.80532962,0.67577065,1
2,主菌,0.00319319,8.50639758,0.02716253,6,n,0.76891178,0.61546837,1
2,耐酸耐鹼,0.00319319,8.64191752,0.02759527,6,n,0.94695922,0.62557011,1
2,定殖,0.00266099,4.6340494,0.01233116,5,n,0.94661892,0.70701614,1
2,優酪乳,0.00266099,5.06173569,0.01346923,5,n,0.74663569,0.55351967,1
2,Lactobacillus,0.00266099,5.13757332,0.01367103,5,n,1.16631844,1.12692184,1
2,維持消化道機能,0.00425758,5.11955492,0.02179693,8,n,0.81314796,0.8433992,1
2,副乾酪乳桿菌,0.00212879,6.80628488,0.01448916,4,n,0.75329395,0.761625,1
3,益生菌推薦,0.00398804,5.48992604,0.02189402,4,n,0.58073834,0.52897652,1
3,比較,0.00797607,2.3241683,0.01853773,8,d,0.62888579,0.61432376,1
3,江欣樺,0.00398804,9.91350194,0.0395354,4,n,0.92332622,0.88778028,1
3,營養師,0.0109671,4.14544833,0.04546354,11,n,0.71530487,0.58883126,1
3,微生物,0.00598205,2.67824906,0.01602143,6,n,0.66192691,0.66605137,1
3,吃益生菌,0.00498504,3.79305285,0.01890854,5,n,0.63657038,0.57952189,1
3,好菌,0.00797607,4.08231542,0.03256084,8,n,0.65906116,0.58966176,1
3,菌叢,0.00398804,5.14976852,0.02053746,4,n,0.85737876,0.83124838,1
3,體質,0.00498504,3.4235074,0.01706634,5,n,0.58860421,0.61001802,1
3,排便順暢,0.00398804,4.60161424,0.0183514,4,n,0.71150154,0.70652406,1
3,胃酸,0.00498504,3.81865421,0.01903616,5,n,0.69298344,0.8003059,1
3,濃度,0.00598205,3.81058315,0.02279511,6,n,0.75441665,0.71941583,1
3,包埋,0.00697906,5.0450223,0.03520953,7,v,0.59754513,0.45104169,1
3,技術,0.00697906,2.66793969,0.01861972,7,n,0.85275936,0.54899102,1
3,益生菌品牌,0.00498504,5.59912434,0.02791189,5,n,0.63282381,0.52086583,1
3,菌株,0.0109671,3.82027627,0.04189735,11,n,0.85506431,0.84921757,1
3,產品,0.01595214,1.72833347,0.02757062,16,n,0.51295934,0.36098636,1
3,Enterococcus,0.00398804,6.79033609,0.0270801,4,eng,1.27376425,1.17085305,1
3,編碼,0.00997009,6.38910978,0.0637,10,n,0.69171195,0.4260579,1
3,專利,0.00797607,3.12065739,0.02489059,8,n,0.8390589,0.59322492,1
3,研發,0.00498504,3.51489505,0.01752191,5,v,0.66151558,0.36650156,1
3,消化道,0.00598205,3.74825779,0.02242228,6,n,0.64404624,0.69556414,1
3,乳酸菌,0.00797607,2.14488171,0.01710773,8,n,0.88168701,0.74550043,1
3,檢驗,0.00498504,3.17876497,0.01584629,5,v,0.70894735,0.44633388,1
3,300億機能益生菌,0.00398804,8.1589714,0.03253827,4,n,0.78357842,0.72915984,1
3,膠原蛋白,0.00498504,3.01368535,0.01502336,5,n,0.50254785,0.51836936,1
3,尿酸,0.00498504,4.3913195,0.02189092,5,n,0.77094785,0.79683911,1
4,腸胃,0.01,2.81104046,0.0281104,6,n,0.55106069,0.57673102,1
4,藥師,0.00833333,4.84535763,0.04037798,5,n,0.78207818,0.75651061,1
4,產品,0.01666667,1.72833347,0.02880556,10,n,0.51295934,0.36098636,1
4,不適,0.01333333,3.63013929,0.04840186,8,a,0.64060869,0.65145376,1
4,症狀,0.00833333,3.47618058,0.02896817,5,n,0.42801503,0.43775402,1
4,民眾,0.00666667,3.37867603,0.02252451,4,n,0.91848666,0.61455937,1
4,藥品,0.01333333,3.14514839,0.04193531,8,n,0.50502949,0.36086484,1
4,醫師,0.00666667,3.2965479,0.02197699,4,n,0.77360268,0.67970899,1
4,治療,0.00833333,3.12875459,0.02607295,5,v,0.58827882,0.57181486,1
4,菌株,0.00666667,3.82027627,0.02546851,4,n,0.85506431,0.84921757,1
4,醫學,0.00833333,3.31596597,0.02763305,5,n,0.5181746,0.42146557,1
4,專家,0.00666667,3.12065739,0.02080438,4,n,0.50425162,0.27044765,1
4,癌症,0.00666667,3.17876497,0.02119177,4,n,0.66454141,0.6212784,1
5,挑選,0.00459619,3.27749972,0.01506402,7,v,0.76454972,0.53461193,1
5,淨美莓,0.0026264,8.39964743,0.02206079,4,n,0.75967748,0.64451449,1
5,益生菌推薦,0.00525279,5.48992604,0.02883743,8,n,0.58073834,0.52897652,1
5,代謝,0.00656599,3.39658065,0.02230191,10,v,0.5857974,0.66876778,1
5,保養,0.00722259,2.2814572,0.01647802,11,v,0.62628102,0.38048539,1
5,順暢,0.00853578,3.34380074,0.02854196,13,a,0.84710141,0.6091188,1
5,機能,0.01641497,2.67308109,0.04387855,25,n,1.29549394,1.0645744,1
5,調整,0.00787919,3.05058988,0.02403616,12,v,1.0045345,0.52545118,1
5,體質,0.00787919,3.4235074,0.02697445,12,n,0.58860421,0.61001802,1
5,第四代,0.00328299,5.33086262,0.01750119,5,m,1.10551394,0.51063167,1
5,身心,0.00590939,3.65322243,0.02158831,9,n,0.63026657,0.58299135,1
5,菌株,0.02626395,3.82027627,0.10033556,40,n,0.85506431,0.84921757,1
5,選擇,0.00853578,1.82064212,0.01554061,13,v,0.50858354,0.43207655,1
5,菌種,0.00656599,4.77968881,0.03138338,10,n,0.58534033,0.52848974,1
5,PS128,0.00722259,6.73793743,0.04866534,11,eng,0.98052881,0.86392307,1
5,植物乳桿菌,0.00525279,6.72599734,0.03533026,8,n,0.82013534,0.61038152,1
5,機能性,0.00328299,4.96031605,0.01628469,5,n,1.40906945,1.19469909,1
5,K21,0.00656599,8.11398448,0.05327633,10,eng,1.32439819,1.05144646,1
5,幫助,0.00984898,2.38025775,0.02344312,15,v,0.47871527,0.24520063,1
5,專利,0.00590939,3.12065739,0.01844118,9,n,0.8390589,0.59322492,1
5,陳代謝,0.0026264,8.41398802,0.02209846,4,n,0.52230163,0.54124855,1
5,Lactobacillus,0.01904137,5.13757332,0.09782641,29,n,1.16631844,1.12692184,1
5,plantarum,0.00525279,6.21281256,0.0326346,8,eng,1.25798831,1.13789399,1
5,副乾酪乳桿菌,0.0026264,6.80628488,0.01787599,4,n,0.75329395,0.761625,1
5,paracasei,0.00525279,6.5748226,0.03453617,8,eng,1.03607203,1.00376454,1
5,PS23,0.00393959,8.1589714,0.03214303,6,eng,1.16818503,1.00363753,1
5,K47,0.00393959,9.20643342,0.0362696,6,eng,1.48064973,1.11477364,1
5,鼠李糖乳桿菌,0.00393959,6.39123062,0.02517885,6,n,0.93234622,0.62468471,1
5,rhamnosus,0.00393959,6.22892721,0.02453944,6,eng,1.19733502,1.13083389,1
5,CRL1505,0.00393959,8.2903554,0.03266063,6,eng,1.01204274,0.85174387,1
5,lactis,0.0026264,6.33951386,0.01665007,4,eng,1.22588838,1.13793881,1
5,A17,0.00328299,7.3096148,0.02399742,5,eng,1.2226629,1.01294383,1
5,KM97,0.00328299,10.3247349,0.03389604,5,eng,1.5246015,1.40243871,1
5,益生質,0.00656599,6.34964545,0.0416917,10,n,0.71621775,0.62623087,1
5,胃酸,0.00525279,3.81865421,0.02005859,8,n,0.69298344,0.8003059,1
5,膽鹽,0.00590939,6.74698699,0.03987057,9,n,0.70974057,0.71098719,1
5,粉劑,0.00525279,5.28769076,0.02777513,8,n,0.75751119,0.66713018,1
5,主菌種,0.00328299,10.5205967,0.03453906,5,n,0.69513896,0.58949662,1
5,輔料,0.00590939,6.72896903,0.0397641,9,n,0.67550822,0.61971069,1
5,異麥,0.0026264,6.55963282,0.01722819,4,n,0.6983595,0.61645054,1
5,族群,0.00459619,3.61284015,0.01660531,7,n,0.90236854,0.62803693,1
5,耐酸,0.0026264,5.93405547,0.01558518,4,n,0.85176584,0.68211267,1
6,防護力,0.00674764,6.08306489,0.04104632,5,n,0.78352776,0.58557335,1
6,體溫,0.00944669,3.74825779,0.03540864,7,n,0.90990796,0.79166574,1
6,迷思,0.00674764,4.8363486,0.03263393,5,v,0.81375805,0.62370842,1
6,好菌,0.01619433,4.08231542,0.06611037,12,n,0.65906116,0.58966176,1
6,重要性,0.00674764,3.7727238,0.02545698,5,n,0.8559793,0.46806434,1
6,孕期,0.01214575,2.32053853,0.02818468,9,t,0.70425595,0.60954585,1
6,吃益生菌,0.00674764,3.79305285,0.02559415,5,n,0.63657038,0.57952189,1
6,依賴,0.00674764,4.64509919,0.03134345,5,v,0.62646282,0.44629741,1
6,繁體,0.00539811,3.94273723,0.02128333,4,a,1.29344596,0.7692234,1
6,product,0.00944669,3.21355106,0.03035743,7,eng,1.78352992,1.36603082,1
6,稱為,0.00539811,4.30072286,0.02321578,4,v,0.81762926,0.4488953,1
6,腸道,0.00674764,3.4072645,0.02299099,5,n,0.64503133,0.45462099,1
6,飲食,0.00944669,2.34995241,0.02219928,7,n,0.70565202,0.63204126,1
6,亞硝胺,0.00539811,7.56930724,0.04085996,4,n,0.78953536,0.80259187,1
7,條目,0.00541126,8.1589714,0.04415028,5,n,1.04727408,0.71142146,1
7,Probiotics,0.00865801,4.45662441,0.03858549,8,eng,1.09440429,1.06043006,1
7,腸道,0.00865801,3.4072645,0.02950013,8,n,0.64503133,0.45462099,1
7,細菌,0.004329,3.561415,0.01541738,4,n,0.62647355,0.55227969,1
7,酸奶,0.01190476,2.21083965,0.02631952,11,n,0.73219452,0.61842051,1
7,羊奶,0.00541126,4.04911742,0.02191081,5,n,0.55391229,0.43124175,1
7,球菌,0.00757576,4.04301365,0.03062889,7,n,0.78772974,0.72728781,1
7,Lactobacillus,0.004329,5.13757332,0.02224058,4,n,1.16631844,1.12692184,1
7,Bifidobacterium,0.004329,5.77073244,0.02498153,4,n,1.12472033,1.05721647,1
7,EFSA,0.00541126,7.81863364,0.04230862,5,eng,1.24764485,1.16233559,1
9,吃益生菌,0.01713586,3.79305285,0.06499723,14,n,0.63657038,0.57952189,2
9,菌種,0.00734394,4.77968881,0.03510175,6,n,0.58534033,0.52848974,2
9,腸道,0.02203182,3.4072645,0.07506825,18,n,0.64503133,0.45462099,2
9,體質,0.00489596,3.4235074,0.01676136,4,n,0.58860421,0.61001802,2
9,優酪乳,0.00734394,5.06173569,0.03717309,6,n,0.74663569,0.55351967,2
9,發酵,0.01468788,3.77893499,0.05550455,12,v,0.68161816,0.61281129,2
9,抗生素,0.00611995,3.18734871,0.01950642,5,n,0.68553605,0.63379961,2
9,好菌,0.01101591,4.08231542,0.04497043,9,n,0.65906116,0.58966176,2
9,減少,0.00489596,3.16181543,0.01548012,4,v,0.63562693,0.39786109,2
9,壞菌,0.01101591,5.29475787,0.05832659,9,n,0.67251987,0.61501903,2
9,腸內細菌,0.00611995,7.31494786,0.04476712,5,n,0.73191292,0.77145062,2
9,益菌,0.00489596,3.5689622,0.0174735,4,n,0.63717312,0.51950463,2
9,伺機性病原菌,0.00489596,10.1382643,0.04963655,4,n,0.67246624,0.73114459,2
9,減肥,0.00489596,3.01368535,0.01475489,4,v,0.42508311,0.4297805,2
10,產品,0.02597403,1.72833347,0.04489178,14,n,0.51295934,0.36098636,2
10,菌種,0.02411874,4.77968881,0.11528006,13,n,0.58534033,0.52848974,2
10,菌株,0.03153989,3.82027627,0.12049109,17,n,0.85506431,0.84921757,2
10,陳佑誠,0.00742115,10.7023907,0.07942405,4,n,0.95209074,0.90619207,2
10,功效,0.02040816,1.68327198,0.03435249,11,n,0,0.78370671,2
10,醫師,0.00927644,3.2965479,0.03058022,5,n,0.77360268,0.67970899,2
10,調整,0.01113173,3.05058988,0.03395833,6,v,1.0045345,0.52545118,2
10,體質,0.01113173,3.4235074,0.03810954,6,n,0.58860421,0.61001802,2
10,冷藏,0.01298701,3.23140866,0.04196635,7,n,0.73594107,0.62602809,2
11,選擇,0.00940808,1.82064212,0.01712874,24,v,0.50858354,0.43207655,2
11,益生菌,0.05331243,0.22670857,0.01208638,136,n,0.67285679,0.58955609,2
11,研究,0.00901607,1.36586378,0.01231473,23,v,1.10728342,0.73666617,2
11,發現,0.00352803,2.18836681,0.00772062,9,v,0.53528129,0.28028331,2
11,幫助,0.00313603,2.38025775,0.00746455,8,v,0.47871527,0.24520063,2
11,人類,0.00196002,3.64774298,0.00714963,5,n,0.64588312,0.31217983,2
11,優酪乳,0.00235202,5.06173569,0.0119053,6,n,0.74663569,0.55351967,2
11,乳酸菌,0.01136809,2.14488171,0.02438321,29,n,0.88168701,0.74550043,2
11,許多,0.00313603,3.08112658,0.00966249,8,m,0.52964257,0.35032413,2
11,人體,0.00313603,2.66282459,0.00835068,8,n,0.4195322,0.35162851,2
11,服用,0.00392003,2.3241683,0.00911081,10,v,0.61441908,0.67584718,2
11,針對,0.00588005,3.41049204,0.02005385,15,n,0.78570503,0.43689109,2
11,腸胃道,0.00196002,5.3837047,0.01055215,5,n,0.59199142,0.54171029,2
11,減緩,0.00156801,4.87754417,0.00764805,4,v,0.70448126,0.67383155,2
11,吃益生菌,0.00548804,3.79305285,0.02081644,14,n,0.63657038,0.57952189,2
11,媽媽,0.00352803,2.14792585,0.00757794,9,n,0.59426591,0.38387202,2
11,攝取,0.00196002,3.82515829,0.00749737,5,v,0.62120778,0.67938494,2
11,寶寶,0.00431203,2.34622801,0.01011702,11,n,0.54827643,0.35830333,2
11,產品,0.00588005,1.72833347,0.01016268,15,n,0.51295934,0.36098636,2
11,比較,0.00431203,2.3241683,0.01002189,11,d,0.62888579,0.61432376,2
11,來源,0.00509604,3.05058988,0.01554593,13,n,0.5214853,0.27790158,2
11,細菌,0.00235202,3.561415,0.00837652,6,n,0.62647355,0.55227969,2
11,益生質,0.00666405,6.34964545,0.04231438,17,n,0.71621775,0.62623087,2
11,產生,0.00392003,3.08112658,0.01207811,10,n,0.63044777,0.40175546,2
11,腸道,0.00862407,3.4072645,0.02938448,22,n,0.64503133,0.45462099,2
11,宿主,0.00156801,4.75872377,0.00746174,4,n,0.88080403,0.7929773,2
11,證實,0.00274402,4.27226046,0.01172318,7,n,0.72361154,0.56709847,2
11,挑選,0.00274402,3.27749972,0.00899353,7,v,0.76454972,0.53461193,2
11,延伸,0.00274402,3.04309922,0.00835033,7,v,0.87802736,0.47736258,2
11,大本山益生菌,0.00196002,7.07379726,0.01386475,5,n,0.88319976,0.74714188,2
11,農純,0.00196002,4.16358937,0.0081607,5,n,0.48811159,0.33326264,2
11,體質,0.00274402,3.4235074,0.00939418,7,n,0.58860421,0.61001802,2
11,科學,0.00235202,3.24045849,0.00762162,6,n,0.54646786,0.32847801,2
11,ISAPP,0.00235202,9.53008497,0.02241494,6,eng,0.97786948,0.90662729,2
11,調節,0.00274402,3.54156326,0.00971813,7,v,0.75645071,0.60422258,2
11,寡糖,0.00196002,4.20804103,0.00824783,5,n,0.79823293,0.72233488,2
11,市售,0.00313603,4.62675012,0.0145096,8,n,0.87484873,0.41824263,2
11,市面上,0.00274402,3.36006124,0.00922008,7,n,0.62571173,0.52462174,2
11,臨床,0.00156801,4.23963532,0.0066478,4,v,0.73199181,0.71016681,2
11,實驗,0.00235202,3.67825848,0.00865133,6,v,0.58803786,0.37407497,2
11,過敏,0.00235202,3.12875459,0.00735889,6,n,0.52349624,0.48703641,2
11,最常,0.00235202,4.77124998,0.01122207,6,d,0.68642567,0.52998397,2
11,菌株,0.01568013,3.82027627,0.05990241,40,n,0.85506431,0.84921757,2
11,嗜酸乳桿菌,0.00196002,5.69809406,0.01116835,5,n,0.65621466,0.66351813,2
11,Lactobacillus,0.00784006,5.13757332,0.0402789,20,n,1.16631844,1.12692184,2
11,acidophilus,0.00156801,5.77645649,0.00905756,4,eng,1.17759839,1.09286451,2
11,陰道,0.00156801,5.2130804,0.00817418,4,n,0.5453296,0.54459653,2
11,環境,0.00235202,2.78764759,0.0065566,6,n,0.99507491,0.53870626,2
11,Bifidobacterium,0.00156801,5.77073244,0.00904858,4,n,1.12472033,1.05721647,2
11,lactis,0.00156801,6.33951386,0.00994044,4,eng,1.22588838,1.13793881,2
11,比菲德氏菌,0.00313603,5.79733868,0.0181806,8,n,0.63946303,0.5887609,2
11,定殖,0.00352803,4.6340494,0.01634906,9,n,0.94661892,0.70701614,2
11,乳桿菌,0.00196002,5.03951267,0.00987752,5,n,0.73430634,0.600195,2
11,副乾酪乳桿菌,0.00156801,6.80628488,0.01067234,4,n,0.75329395,0.761625,2
11,菌種,0.00823207,4.77968881,0.03934671,21,n,0.58534033,0.52848974,2
11,補充,0.00313603,2.29196517,0.00718766,8,v,0.56797888,0.39430986,2
11,維基,0.00196002,6.04931988,0.01185676,5,n,1.04008122,0.67221282,2
11,LGG,0.00196002,5.60878616,0.01099331,5,eng,1.14395945,0.85417055,2
11,鼠李糖乳桿菌,0.00196002,6.39123062,0.01252691,5,n,0.93234622,0.62468471,2
11,rhamnosus,0.00196002,6.22892721,0.0122088,5,eng,1.19733502,1.13083389,2
11,抗生素,0.00313603,3.18734871,0.00999561,8,n,0.68553605,0.63379961,2
11,腹瀉,0.00156801,4.39997754,0.00689922,4,v,0.47469595,0.51622196,2
11,指出,0.00274402,3.04309922,0.00835033,7,v,0.9238862,0.58986211,2
11,廠商,0.00235202,3.33977659,0.00785522,6,n,0.77396694,0.36433139,2
11,論述,0.00156801,6.04931988,0.00948541,4,v,0.90776446,0.72596873,2
11,菌數,0.00352803,5.84045861,0.0206053,9,n,0.60189053,0.48111404,2
11,藥性,0.00156801,5.62839444,0.00882539,4,n,0.65371978,0.74770474,2
11,服部,0.00235202,7.87318766,0.01851789,6,n,1.44339757,1.16436434,2
11,糞腸球菌,0.00196002,8.08354073,0.01584387,5,n,0.71889211,0.69681607,2
11,Enterococcus,0.00235202,6.79033609,0.015971,6,eng,1.27376425,1.17085305,2
11,屎腸球菌,0.00235202,7.70974868,0.01813347,6,n,0.81958692,0.84243908,2
11,球菌,0.00548804,4.04301365,0.02218824,14,n,0.78772974,0.72728781,2
11,依賴,0.00274402,4.64509919,0.01274625,7,v,0.62646282,0.44629741,2
11,好菌,0.00274402,4.08231542,0.01120196,7,n,0.65906116,0.58966176,2
11,碧安朵,0.00156801,6.47074093,0.0101462,4,n,0.78076183,0.60008747,2
12,USANA,0.02290951,5.58007633,0.1278368,40,eng,1.05754013,0.98765789,2
12,證實,0.00229095,4.27226046,0.00978754,4,n,0.72361154,0.56709847,2
12,菌株,0.00515464,3.82027627,0.01969215,9,n,0.85506431,0.84921757,2
12,消化系,0.00572738,6.67115113,0.0382082,10,n,0.8115396,0.75828542,2
12,腸道,0.01660939,3.4072645,0.05659259,29,n,0.64503133,0.45462099,2
12,營養素,0.00515464,3.72437609,0.01919781,9,n,0.64519045,0.64298421,2
12,環境,0.00400916,2.78764759,0.01117614,7,n,0.99507491,0.53870626,2
12,過程,0.00343643,3.14514839,0.01080807,6,n,0.5871634,0.33180967,2
12,助您,0.00286369,6.1830646,0.01770637,5,l,0.65342323,0.46457397,2
12,維持,0.00286369,3.00646511,0.00860958,5,v,0.78170653,0.56771673,2
12,好菌,0.00286369,4.08231542,0.01169048,5,n,0.65906116,0.58966176,2
12,幫助,0.0045819,2.38025775,0.01090611,8,v,0.47871527,0.24520063,2
12,消化,0.00744559,1.31953398,0.00982471,13,v,0.65415552,0.72434894,2
12,服用,0.0091638,2.3241683,0.02129822,16,v,0.61441908,0.67584718,2
12,保持,0.00572738,1.52257466,0.00872036,10,v,0.69649858,0.45395104,2
12,益菌,0.00286369,3.5689622,0.0102204,5,n,0.63717312,0.51950463,2
12,補充,0.0045819,2.29196517,0.01050156,8,v,0.56797888,0.39430986,2
12,點擊,0.00286369,3.40511858,0.0097512,5,v,0.97299372,0.54196882,2
12,處購,0.00286369,10.184313,0.0291647,5,v,0.80555968,0.5287228,2
12,細菌,0.01088202,3.561415,0.03875538,19,n,0.62647355,0.55227969,2
12,均衡,0.00286369,2.97809443,0.00852833,5,a,0.85690026,0.67084199,2
12,屏障,0.00286369,4.06765551,0.0116485,5,n,0.65254841,0.62447189,2
12,身體,0.00572738,1.76299544,0.01009734,10,n,0.71843018,0.5165184,2
12,充品,0.00229095,8.39020003,0.01922154,4,n,0.35920814,0.24110236,2
12,微生物,0.01832761,2.67824906,0.04908589,32,n,0.66192691,0.66605137,2
12,體內,0.00286369,3.53910927,0.01013491,5,n,0.63211966,0.70484455,2
12,改變,0.00343643,3.32581826,0.01142893,6,v,0.62421033,0.34163299,2
12,定性,0.00229095,5.82950307,0.0133551,4,n,0.95567383,0.68070234,2
12,壓力,0.00286369,2.99929663,0.00858905,5,n,0.62217094,0.40687292,2
12,雙歧桿菌,0.00400916,5.41520312,0.02171044,7,n,0.62323454,0.63466762,2
12,BB,0.00515464,2.3169219,0.0119429,9,eng,1.33474213,0.89792737,2
12,LGG,0.00400916,5.60878616,0.02248654,7,eng,1.14395945,0.85417055,2
12,Bifidobacterium,0.00286369,5.77073244,0.01652558,5,n,1.12472033,1.05721647,2
12,et,0.0045819,4.14544833,0.01899404,8,eng,2.19206279,1.68677983,2
12,al,0.0045819,4.6340494,0.02123276,8,eng,2.33995531,1.84923256,2
12,gut,0.00343643,5.59912434,0.01924098,6,eng,2.24942512,1.61575615,2
12,microbiota,0.00229095,6.39975928,0.01466153,4,eng,1.39094763,1.33782947,2
12,human,0.00229095,4.93031395,0.01129511,4,eng,1.68606035,1.14292075,2
12,Nutr,0.00400916,7.26285546,0.02911798,7,eng,0.5626872,1.01276612,2
13,腸道,0.0102916,3.4072645,0.03506619,6,n,0.64503133,0.45462099,2
13,菌株,0.01715266,3.82027627,0.06552789,10,n,0.85506431,0.84921757,2
13,編號,0.01372213,3.27749972,0.04497427,8,n,0.75376508,0.38650861,2
13,益生菌推薦,0.00686106,5.48992604,0.03766673,4,n,0.58073834,0.52897652,2
13,挑選,0.01372213,3.27749972,0.04497427,8,v,0.76454972,0.53461193,2
13,適合,0.01200686,2.8783441,0.03455988,7,v,0.58450784,0.37188501,2
13,菌數,0.02058319,5.84045861,0.12021527,12,n,0.60189053,0.48111404,2
13,NCFM,0.00686106,7.65568563,0.05252615,4,eng,0.97893169,1.0573399,2
13,專利,0.01372213,3.12065739,0.04282206,8,n,0.8390589,0.59322492,2
13,菌種,0.02915952,4.77968881,0.13937343,17,n,0.58534033,0.52848974,2
13,來源,0.01200686,3.05058988,0.03662801,7,n,0.5214853,0.27790158,2
13,多元,0.00857633,3.36622775,0.02886988,5,m,0.88136901,0.53642281,2
13,可溶性,0.00686106,5.08446381,0.03488483,4,n,0.63228881,0.76022193,2
14,柚子,0.00844854,3.60364771,0.03044556,11,n,0.72932733,0.67598273,3
14,益生菌比較,0.00614439,7.0907461,0.04356833,8,n,0.52958358,0.48985446,3
14,LP28,0.00460829,6.23981641,0.02875491,6,eng,1.05384162,0.89240762,3
14,植物乳桿菌,0.00384025,6.72599734,0.02582948,5,n,0.82013534,0.61038152,3
14,LP,0.02227343,4.3913195,0.09780973,29,eng,1.56654699,1.217121,3
14,鼠李糖乳桿菌,0.01382488,6.39123062,0.08835803,18,n,0.93234622,0.62468471,3
14,乳桿菌,0.01382488,5.03951267,0.06967068,18,n,0.73430634,0.600195,3
14,雙歧桿菌,0.00844854,5.41520312,0.04575056,11,n,0.62323454,0.63466762,3
14,龍根菌,0.01612903,6.05082929,0.09759402,21,n,0.38726332,0.37652351,3
14,芽孢乳酸菌,0.00537634,6.54714857,0.03519972,7,n,0.7817683,0.7794986,3
14,嗜熱鏈球菌,0.00844854,6.61383824,0.05587728,11,n,0.78456954,0.79548824,3
14,異麥,0.00614439,6.55963282,0.04030496,8,n,0.6983595,0.61645054,3
14,寡糖,0.02150538,4.20804103,0.09049551,28,n,0.79823293,0.72233488,3
14,優格,0.00844854,3.841606,0.03245596,11,n,0.72930945,0.43748902,3
14,香料,0.01382488,3.28697846,0.0454421,18,n,0.83183565,0.70305874,3
14,檸檬酸,0.00537634,4.54307794,0.02442515,7,n,0.58736856,0.42035282,3
14,果酸,0.00460829,4.94520249,0.02278895,6,n,0.62772302,0.44401898,3
14,乳酸乳球菌,0.00460829,7.32030951,0.03373415,6,n,0.8131834,0.83208144,3
14,LJ,0.00460829,5.28067323,0.0243349,6,eng,1.48513498,1.22277013,3
14,木寡糖,0.00844854,5.46439296,0.04616615,11,n,0.82736687,0.72676643,3
14,麥芽,0.01920123,4.65253414,0.08933437,25,n,0.66381818,0.55285176,3
14,糊精,0.01920123,4.7140918,0.09051636,25,n,0.75205594,0.6396247,3
14,膠囊,0.01612903,2.62773329,0.0423828,21,n,0.65199139,0.60330385,3
14,雷特氏B菌,0.01459293,6.73493902,0.09828252,19,n,0.77194121,0.64744839,3
14,菊糖,0.00768049,5.72172541,0.04394566,10,n,0.71629153,0.65904022,3
14,硬脂酸,0.01075269,4.78393509,0.05144016,14,n,0.63134645,0.6021086,3
14,二氧化,0.01459293,5.16834479,0.07542131,19,n,0.70175267,0.59565038,3
14,Lactobacillus,0.00691244,5.13757332,0.03551318,9,n,1.16631844,1.12692184,3
14,乳酸桿菌,0.00768049,5.29475787,0.04066634,10,n,0.5864499,0.47313222,3
14,粉狀,0.02150538,5.33086262,0.11464221,28,n,0.72496198,0.66906669,3
14,LGG,0.00691244,5.60878616,0.03877041,9,eng,1.14395945,0.85417055,3
14,胚芽乳酸桿菌,0.00691244,7.74200694,0.05351618,9,n,0.8058479,0.79028497,3
14,腸道,0.00691244,3.4072645,0.02355252,9,n,0.64503133,0.45462099,3
15,感染,0.00982533,1.98769617,0.01952977,9,v,1.14472495,0.88624863,3
15,臨床,0.00545852,4.23963532,0.02314211,5,v,0.73199181,0.71016681,3
15,腹瀉,0.00764192,4.39997754,0.03362428,7,v,0.47469595,0.51622196,3
15,Lactobacillus,0.02183406,5.13757332,0.11217409,20,n,1.16631844,1.12692184,3
15,rhamnosus,0.00545852,6.22892721,0.03400069,5,eng,1.19733502,1.13083389,3
15,LGG,0.00436681,5.60878616,0.02449252,4,eng,1.14395945,0.85417055,3
15,治療,0.01528384,3.12875459,0.04781939,14,v,0.58827882,0.57181486,3
15,plantarum,0.00436681,6.21281256,0.02713019,4,eng,1.25798831,1.13789399,3
15,acidophilus,0.00436681,5.77645649,0.0252247,4,eng,1.17759839,1.09286451,3
15,文獻,0.00873362,5.31626392,0.04643025,8,n,0.91223115,0.52320148,3
15,過敏性鼻炎,0.00436681,6.03138244,0.02633791,4,n,0.57730135,0.51855951,3
15,陰道,0.00545852,5.2130804,0.02845568,5,n,0.5453296,0.54459653,3
15,Epub,0.00436681,5.07303518,0.02215299,4,eng,1.68957457,1.46437115,3
16,防治,0.00644641,3.32581826,0.0214396,16,v,0.61675517,0.63559335,3
16,疾病,0.00926672,1.61479011,0.01496381,23,n,0.6026606,0.65858029,3
16,微生物,0.01571313,2.67824906,0.04208369,39,n,0.66192691,0.66605137,3
16,人類,0.00443191,3.64774298,0.01616647,11,n,0.64588312,0.31217983,3
16,腸道,0.02215955,3.4072645,0.07550344,55,n,0.64503133,0.45462099,3
16,共生,0.00241741,4.69444488,0.01134838,6,n,1.00817768,0.79450204,3
16,共伴,0.0016116,8.306079,0.01338611,4,n,0.75684783,0.67274463,3
16,益菌,0.00684932,3.5689622,0.02444495,17,n,0.63717312,0.51950463,3
16,prebiotics,0.00282031,6.16597046,0.01738992,7,eng,1.16392136,1.03400176,3
16,母奶,0.00926672,5.3683199,0.04974672,23,n,0.72338032,0.43330151,3
16,寡糖,0.00241741,4.20804103,0.01017254,6,n,0.79823293,0.72233488,3
16,滋養,0.00402901,3.89089372,0.01567645,10,v,0.59731923,0.59241063,3
16,probiotics,0.00362611,4.4689702,0.01620497,9,eng,1.09440429,1.06043006,3
16,促進,0.00523771,3.14514839,0.01647338,13,v,0.54849088,0.5182286,3
16,免疫,0.00765512,1.32621403,0.01015232,19,v,0.65632134,0.67047665,3
16,神經,0.00362611,3.72437609,0.01350499,9,n,0.64885896,0.61942802,3
16,發育,0.00846092,4.12322524,0.03488627,21,v,0.62309463,0.64522162,3
16,出生,0.00443191,2.59383176,0.01149563,11,v,0.90229118,0.56878229,3
16,產道,0.00241741,8.08123685,0.01953562,6,n,0.90776007,0.86993798,3
16,細胞,0.00402901,3.69817376,0.01489997,10,n,0.60295737,0.60840123,3
16,肥胖,0.00684932,3.04309922,0.02084315,17,a,0.61690676,0.71021916,3
16,異常,0.00604351,3.78205512,0.0228569,15,a,0.79781594,0.58749234,3
16,菌叢,0.00564061,5.14976852,0.02904785,14,n,0.85737876,0.83124838,3
16,產前,0.00282031,3.63687332,0.0102571,7,t,0.7543982,0.4580084,3
16,產兒,0.00443191,6.83234414,0.03028033,11,n,0.85014938,0.77367755,3
16,發炎,0.00684932,4.17973732,0.02862834,17,v,0.6788846,0.68687139,3
16,死性,0.00241741,7.44010387,0.01798575,6,n,0.89109478,0.62707557,3
16,腸炎,0.00402901,6.25452229,0.02519953,10,n,0.60809821,0.69231035,3
16,自閉症,0.00282031,6.19520678,0.01747238,7,n,0.638648,0.64457082,3
16,自體,0.00282031,5.29475787,0.01493284,7,n,0.89751968,1.29094081,3
16,生長素,0.0016116,6.56719887,0.01058372,4,n,0.61905503,0.59210291,3
16,使用,0.02981467,0.5884986,0.01754589,74,v,0.99469663,0.70381815,3
16,動物,0.00483481,3.19600676,0.01545209,12,n,0.83027662,0.38777913,3
16,實驗,0.00282031,3.67825848,0.01037382,7,v,0.58803786,0.37407497,3
16,發現,0.00523771,2.18836681,0.01146203,13,v,0.53528129,0.28028331,3
16,減少,0.00322321,3.16181543,0.01019119,8,v,0.63562693,0.39786109,3
16,單一,0.00362611,4.30072286,0.01559489,9,a,0.84193734,0.52449879,3
16,菌株,0.00443191,3.82027627,0.01693112,11,n,0.85506431,0.84921757,3
16,Saccharomyces,0.00241741,6.94765095,0.01679529,6,eng,1.28041441,1.29075067,3
16,boulardii,0.00282031,8.0495277,0.02270213,7,eng,1.17765039,1.1242697,3
16,過敏病,0.0020145,8.8645069,0.01785759,5,n,0.68079578,0.65207205,3
16,LGG,0.0020145,5.60878616,0.01129892,5,eng,1.14395945,0.85417055,3
16,顯著,0.0020145,4.66002479,0.00938764,5,v,0.65313711,0.5276679,3
16,Lactobacillus,0.0020145,5.13757332,0.01034966,5,n,1.16631844,1.12692184,3
16,細菌,0.00523771,3.561415,0.01865366,13,n,0.62647355,0.55227969,3
16,移植,0.00322321,3.89964266,0.01256936,8,v,0.79293528,0.72787022,3
16,顯然,0.00241741,5.07873317,0.01227736,6,ad,0.89875082,0.63112301,3
16,抗體,0.00241741,5.5430354,0.01339976,6,n,0.61956831,0.53945683,3
16,調節,0.00402901,3.54156326,0.01426899,10,v,0.75645071,0.60422258,3
16,預防,0.00523771,3.08112658,0.01613805,13,v,0.56200672,0.60276391,3
16,腹瀉,0.00684932,4.39997754,0.03013683,17,v,0.47469595,0.51622196,3
16,多重,0.00322321,3.7452412,0.01207169,8,m,0.81011114,0.57216771,3
16,治療,0.00402901,3.12875459,0.01260578,10,v,0.58827882,0.57181486,3
16,偽膜性,0.0016116,8.67261989,0.01397682,4,n,0.95338795,0.97368462,3
16,大腸炎,0.0020145,6.5274924,0.01314966,5,n,0.73012867,0.8078545,3
16,性腸,0.00241741,6.60066316,0.01595648,6,n,0.71086504,0.71611271,3
16,影響,0.00564061,2.46866867,0.0139248,14,v,0.71351624,0.37411964,3
16,精準,0.00402901,4.22736526,0.01703209,10,n,0.87541186,0.54439704,3
16,胰島素,0.0020145,5.56138437,0.01120343,5,n,0.50412429,0.46508937,3
16,阻抗,0.0016116,6.01813741,0.00969885,4,v,0.88422374,0.62890642,3
16,癌症,0.00362611,3.17876497,0.01152655,9,n,0.66454141,0.6212784,3
16,fragilis,0.00241741,8.60433398,0.02080016,6,eng,1.30656486,1.24641716,3
16,查核,0.0016116,6.63257992,0.01068909,4,v,1.01325279,0.66946966,3
16,重組,0.0020145,5.88296448,0.01185126,5,v,0.93647208,0.62210078,3
16,代謝物,0.00241741,6.84898291,0.01655677,6,n,0.74590945,0.73703169,3
16,憂鬱,0.00241741,4.4689702,0.01080331,6,a,0.88558163,0.70186669,3
16,ethylphenylsulfate,0.0020145,13.7172929,0.02763355,5,eng,1.03311301,1.05130842,3
16,EPS,0.0020145,5.77187463,0.01162747,5,eng,1.90894328,1.06171066,3
16,TMA,0.0020145,7.48980045,0.01508824,5,eng,1.35992592,1.23546834,3
16,et,0.00604351,4.14544833,0.02505307,15,eng,2.19206279,1.68677983,3
16,al,0.00604351,4.6340494,0.02800594,15,eng,2.33995531,1.84923256,3
16,microbiome,0.0016116,6.63257992,0.01068909,4,eng,1.37264098,1.27008838,3
16,gut,0.00282031,5.59912434,0.01579125,7,eng,2.24942512,1.61575615,3
17,挑選,0.00897666,3.27749972,0.029421,5,v,0.76454972,0.53461193,3
17,乳酸菌,0.01974865,2.14488171,0.04235853,11,n,0.88168701,0.74550043,3
17,菌種,0.02872531,4.77968881,0.13729806,16,n,0.58534033,0.52848974,3
17,市面上,0.00718133,3.36006124,0.0241297,4,n,0.62571173,0.52462174,3
17,菌數,0.01256732,5.84045861,0.07339894,7,n,0.60189053,0.48111404,3
17,腸道,0.00897666,3.4072645,0.03058586,5,n,0.64503133,0.45462099,3
17,建議,0.01436266,2.20114653,0.03161431,8,n,0.74685957,0.41947337,3
17,體質,0.00718133,3.4235074,0.02458533,4,n,0.58860421,0.61001802,3
17,粉狀,0.00718133,5.33086262,0.03828268,4,n,0.72496198,0.66906669,3
17,錠劑,0.00897666,5.79733868,0.05204074,5,n,0.83754794,0.66868415,3
17,粉末,0.00897666,3.46929983,0.03114273,5,n,0.84401833,0.51286218,3
17,造粒,0.00897666,6.762254,0.06070246,5,n,0.70005522,0.65586806,3
17,膠囊,0.01256732,2.62773329,0.03302358,7,n,0.65199139,0.60330385,3
17,來源,0.00897666,3.05058988,0.02738411,5,n,0.5214853,0.27790158,3
17,大廠,0.00718133,4.2421075,0.03046397,4,n,0.95858062,0.44679877,3
18,NG,0.02578797,4.24458581,0.10945923,9,eng,1.8723467,1.43955089,3
18,吃法,0.02292264,4.09933708,0.09396761,8,v,0.65835354,0.48504372,3
18,建議,0.01432665,2.20114653,0.03153505,5,n,0.74685957,0.41947337,3
18,服用,0.01146132,2.3241683,0.02663803,4,v,0.61441908,0.67584718,3
18,攝取,0.01432665,3.82515829,0.05480169,5,v,0.62120778,0.67938494,3
18,菌種,0.01146132,4.77968881,0.05478153,4,n,0.58534033,0.52848974,3
19,細菌,0.00252048,3.561415,0.00897647,8,n,0.62647355,0.55227969,4
19,證據,0.00378072,4.93525221,0.0186588,12,n,0.8741774,0.67462928,4
19,蔗糖,0.00346566,3.76655095,0.01305358,11,n,0.73920394,0.67176766,4
19,盡量,0.00252048,4.07182217,0.01026294,8,d,0.84838868,0.62945098,4
19,乳鐵,0.00189036,5.57068668,0.0105306,6,n,0.67781289,0.58675711,4
19,菌株,0.00283554,3.82027627,0.01083254,9,n,0.85506431,0.84921757,4
19,每日,0.03245117,1.73234954,0.05621676,103,r,1.05339989,0.68770073,4
19,LP,0.00882168,4.3913195,0.0387388,28,eng,1.56654699,1.217121,4
19,LGG,0.0031506,5.60878616,0.01767103,10,eng,1.14395945,0.85417055,4
19,抗過敏,0.0047259,5.43133237,0.02566792,15,n,0.61572688,0.51641035,4
19,乳酸菌,0.00504096,2.14488171,0.01081226,16,n,0.88168701,0.74550043,4
19,硬脂酸,0.00504096,4.78393509,0.02411561,16,n,0.63134645,0.6021086,4
19,二氧化,0.00724638,5.16834479,0.03745177,23,n,0.70175267,0.59565038,4
19,添加物,0.00535602,4.24707028,0.02274738,17,n,0.78759202,0.58792924,4
19,活菌,0.00283554,3.49008577,0.00989627,9,n,0.73861032,0.63360662,4
19,產品,0.00598614,1.72833347,0.01034604,19,n,0.51295934,0.36098636,4
19,死菌,0.00126024,5.68858537,0.00716898,4,n,0.6642556,0.60400003,4
19,芽孢,0.00189036,4.38273578,0.00828494,6,n,0.78300315,0.79070269,4
19,酪酸,0.00220542,6.05537124,0.01335463,7,n,0.88043201,0.87186906,4
19,菌種,0.00220542,4.77968881,0.01054122,7,n,0.58534033,0.52848974,4
19,球菌,0.00693132,4.04301365,0.02802341,22,n,0.78772974,0.72728781,4
19,疑慮,0.0015753,4.77968881,0.00752944,5,v,0.92900481,0.66465169,4
19,不詳,0.00220542,4.00129964,0.00882454,7,a,0.76932325,0.53417911,4
19,專利,0.0031506,3.12065739,0.00983194,10,n,0.8390589,0.59322492,4
19,菌數,0.00441084,5.84045861,0.02576132,14,n,0.60189053,0.48111404,4
19,60,0.0094518,1.37286171,0.01297601,30,m,1.63324586,1.20353583,4
19,鼠李糖乳桿菌,0.0063012,6.39123062,0.0402724,20,n,0.93234622,0.62468471,4
19,生技,0.00504096,3.34078111,0.01684074,16,n,0.93177808,0.69373882,4
19,包鋁袋,0.00535602,10.6681728,0.05713892,17,n,0.34436515,0.2195813,4
19,異麥,0.00346566,6.55963282,0.02273345,11,n,0.6983595,0.61645054,4
19,寡糖,0.00913674,4.20804103,0.03844776,29,n,0.79823293,0.72233488,4
19,優格,0.00976686,3.841606,0.03752041,31,n,0.72930945,0.43748902,4
19,香料,0.01386263,3.28697846,0.04556618,44,n,0.83183565,0.70305874,4
19,果酸,0.00504096,4.94520249,0.02492856,16,n,0.62772302,0.44401898,4
19,檸檬酸,0.00819156,4.54307794,0.03721488,26,n,0.58736856,0.42035282,4
19,胡蘿,0.00220542,7.81863364,0.01724336,7,n,0.52925718,0.5039497,4
19,黃色,0.00283554,3.5689622,0.01011993,9,n,0.45424372,0.28097976,4
19,30,0.01575299,0.75555267,0.01190222,50,m,1.5447833,1.24203626,4
19,乳酸桿菌,0.00252048,5.29475787,0.01334533,8,n,0.5864499,0.47313222,4
19,木寡糖,0.00283554,5.46439296,0.0154945,9,n,0.82736687,0.72676643,4
19,乳桿菌,0.0031506,5.03951267,0.01587748,10,n,0.73430634,0.600195,4
19,葡聚,0.00126024,4.96031605,0.00625119,4,n,0.78839853,0.68553353,4
19,景岳生技,0.0031506,5.48992604,0.01729655,10,n,0.92963952,0.72808518,4
19,LP33,0.0015753,5.85898887,0.00922966,5,n,0.98208971,0.83402361,4
19,維生素,0.00409578,2.9303038,0.01200187,13,n,0.3930568,0.44386797,4
19,可溶性,0.0015753,5.08446381,0.00800955,5,n,0.63228881,0.76022193,4
19,纖維,0.00504096,2.73145306,0.01376914,16,n,0.54095365,0.48019625,4
19,龍根菌,0.00661626,6.05082929,0.04003384,21,n,0.38726332,0.37652351,4
19,葡萄糖,0.00252048,2.44377113,0.00615947,8,n,0.65754773,0.62344273,4
19,甜味,0.0031506,3.78832472,0.01193549,10,n,0.64263116,0.55651794,4
19,萃取,0.00693132,2.81104046,0.01948421,22,v,0.613555,0.52401694,4
19,工廠,0.01354757,3.58937105,0.04862727,43,n,0.75346761,0.37479168,4
19,粒膠,0.0015753,9.76048161,0.01537568,5,n,0.61463457,0.53042782,4
19,香料粉,0.00189036,7.55560934,0.01428282,6,n,0.76081884,0.62874883,4
19,果汁,0.00504096,2.13882108,0.01078171,16,n,0.77386873,0.59263372,4
19,色素,0.00220542,3.17025429,0.00699174,7,n,0.66365287,0.59628513,4
19,副乾酪乳桿菌,0.00126024,6.80628488,0.00857755,4,n,0.75329395,0.761625,4
19,酵素,0.00724638,2.10905699,0.01528302,23,n,0.76901868,0.71091275,4
19,植物乳桿菌,0.0031506,6.72599734,0.02119092,10,n,0.82013534,0.61038152,4
19,綜合,0.01197227,2.18203767,0.02612395,38,v,0.62592573,0.31604995,4
19,DL,0.00189036,3.73177804,0.0070544,6,eng,1.72378691,1.29839846,4
19,陽明生,0.00126024,5.66161306,0.00713499,4,n,1.04261253,0.83458579,4
19,陽明,0.0015753,4.74635253,0.00747693,5,n,1.06393762,0.73939315,4
19,菊苣,0.00283554,5.2130804,0.01478189,9,n,0.76375027,0.72853353,4
19,乳糖,0.00409578,3.32581826,0.01362181,13,n,0.80256662,0.69435153,4
19,嬰兒,0.00252048,2.43968114,0.00614916,8,n,0.62738271,0.38467116,4
19,不耐,0.0015753,4.22736526,0.00665937,5,a,0.83419835,0.52162568,4
19,嗜熱鏈球菌,0.00126024,6.61383824,0.00833502,4,n,0.78456954,0.79548824,4
19,菌粉,0.0078765,3.6194583,0.02850865,25,n,0.67869581,0.57889305,4
19,菊糖,0.00126024,5.72172541,0.00721074,4,n,0.71629153,0.65904022,4
19,益菌,0.00220542,3.5689622,0.00787106,7,n,0.63717312,0.51950463,4
19,直銷,0.00189036,5.27370461,0.0099692,6,v,0.57481329,0.61988,4
19,糞腸球菌,0.00126024,8.08354073,0.0101872,4,n,0.71889211,0.69681607,4
19,鳳梨,0.00220542,3.68249277,0.00812144,7,n,0.74229469,0.56958251,4
19,腸道,0.00504096,3.4072645,0.01717588,16,n,0.64503133,0.45462099,4
19,好菌,0.00220542,4.08231542,0.00900322,7,n,0.65906116,0.58966176,4
19,壞菌,0.00126024,5.29475787,0.00667266,4,n,0.67251987,0.61501903,4
19,胃酸,0.00220542,3.81865421,0.00842173,7,n,0.69298344,0.8003059,4
19,耐酸,0.00126024,5.93405547,0.00747833,4,n,0.85176584,0.68211267,4
19,廠商,0.00220542,3.33977659,0.00736561,7,n,0.77396694,0.36433139,4
20,腸道,0.02317881,3.4072645,0.07897633,7,n,0.64503133,0.45462099,4
20,乳酸菌,0.03642384,2.14488171,0.07812483,11,n,0.88168701,0.74550043,4
20,菌株,0.01655629,3.82027627,0.06324961,5,n,0.85506431,0.84921757,4
21,腸道,0.0172956,3.4072645,0.05893068,11,n,0.64503133,0.45462099,4
21,菌種,0.00943396,4.77968881,0.0450914,6,n,0.58534033,0.52848974,4
21,富含,0.00786164,2.40754988,0.01892728,5,v,0.59659772,0.56706792,4
21,生長,0.00786164,3.71849373,0.02923344,5,n,0.42587634,0.44516472,4
21,狀況,0.00628931,3.32581826,0.0209171,4,n,0.82420965,0.53572642,4
21,建議,0.01100629,2.20114653,0.02422646,7,n,0.74685957,0.41947337,4
21,體質,0.00628931,3.4235074,0.02153149,4,n,0.58860421,0.61001802,4
21,Lactobacillus,0.00628931,5.13757332,0.03231178,4,n,1.16631844,1.12692184,4
21,冷藏,0.00943396,3.23140866,0.03048499,6,n,0.73594107,0.62602809,4
21,pH,0.00786164,3.785185,0.02975774,5,eng,1.56592132,1.31910509,4
21,環境,0.00786164,2.78764759,0.02191547,5,n,0.99507491,0.53870626,4
21,服用,0.00943396,2.3241683,0.02192612,6,v,0.61441908,0.67584718,4
21,胃酸,0.00786164,3.81865421,0.03002087,5,n,0.69298344,0.8003059,4
22,菌種,0.05681818,4.77968881,0.27157323,5,n,0.58534033,0.52848974,4
23,快速,0.05729167,1.33835173,0.0766764,11,d,0.83717881,0.33454528,4
23,結帳,0.05729167,3.43890923,0.19702084,11,n,1.028562,0.56112102,4
23,購物車,0.05729167,2.27797893,0.13050921,11,n,0.7554123,0.29110954,4
23,缺貨,0.05729167,3.66427225,0.20993226,11,n,0.79121583,0.47088876,4
24,腸胃道,0.01818182,5.3837047,0.09788554,5,n,0.59199142,0.54171029,5
24,營養師,0.01818182,4.14544833,0.07537179,5,n,0.71530487,0.58883126,5
24,菌種,0.03636364,4.77968881,0.17380687,10,n,0.58534033,0.52848974,5
24,吃益生菌,0.02545455,3.79305285,0.09655044,7,n,0.63657038,0.57952189,5
25,排序,0.00778816,3.51729025,0.02739323,5,n,1.17796852,0.53747431,5
25,專屬,0.00623053,3.42678788,0.0213507,4,n,0.88961108,0.47410697,5
25,飲食,0.00778816,2.34995241,0.01830181,5,n,0.70565202,0.63204126,5
25,腸道,0.01713396,3.4072645,0.05837992,11,n,0.64503133,0.45462099,5
25,指出,0.00623053,3.04309922,0.01896012,4,v,0.9238862,0.58986211,5
25,解秘,0.00934579,8.18415848,0.07648746,6,v,0.82651699,0.5660568,5
25,調查,0.00934579,3.64501446,0.03406556,6,v,0.66997789,0.36943975,5
25,排便,0.01869159,2.97809443,0.05566532,12,n,0.71294161,0.77872775,5
25,幫助,0.00623053,2.38025775,0.01483027,4,v,0.47871527,0.24520063,5
25,補充,0.00623053,2.29196517,0.01428016,4,v,0.56797888,0.39430986,5
25,康普茶,0.00934579,6.46386821,0.06040998,6,n,0.50806624,0.41404802,5
25,代謝,0.00623053,3.39658065,0.0211625,4,v,0.5857974,0.66876778,5
26,博客,0.00744602,3.21355106,0.02392815,10,n,1.02175506,0.48180479,5
26,展開,0.00446761,3.61284015,0.01614076,6,v,0.83531152,0.47144025,5
26,LaLa,0.00297841,5.11362022,0.01523044,4,eng,1.26049228,1.03659696,5
26,娜拉,0.00297841,5.24630582,0.01562563,4,nrt,0.76578672,0.60564992,5
26,Lovita,0.00297841,5.56138437,0.01656406,4,eng,1.34375351,1.04392215,5
26,LP33,0.00446761,5.85898887,0.02617568,6,n,0.98208971,0.83402361,5
26,MIHONG,0.00521221,6.24898221,0.03257102,7,eng,0.72184464,0.75505517,5
26,WeCare,0.00297841,6.74698699,0.02009527,4,eng,1.85411116,1.47066859,5
26,台塑,0.00893522,3.62745833,0.03241214,12,n,0.57599468,0.39400185,5
26,生醫,0.00893522,3.18734871,0.02847966,12,n,0.71187084,0.5796182,5
26,森下仁丹,0.01340283,4.58403916,0.0614391,18,n,0.95815555,0.7436189,5
26,米森,0.00372301,4.28251694,0.01594385,5,n,0.93322966,0.71416807,5
26,Schiff,0.00446761,5.16211428,0.02306231,6,eng,1.30825202,1.24953212,5
26,達摩,0.00297841,5.82346812,0.01734466,4,n,0.97026599,0.7356418,5
26,優惠,0.07594937,1.81407036,0.1377775,102,v,0.79545757,0.31909813,5
26,晶球,0.00967982,5.18092349,0.05015041,13,n,0.73523538,0.63294415,5
26,長益,0.00744602,6.74698699,0.05023818,10,n,0.65369333,0.49642197,5
26,30,0.03723008,0.75555267,0.02812929,50,m,1.5447833,1.24203626,5
26,2盒,0.00670141,3.24045849,0.02171566,9,n,0.73359436,0.44352759,5
26,特價,0.02829486,2.96420533,0.08387178,38,n,0.70680742,0.55096848,5
26,399,0.00521221,2.87203493,0.01496965,7,m,1.24208127,0.92388152,5
26,促銷,0.01116902,2.88469332,0.03221921,15,v,0.64749535,0.34935603,5
26,合購,0.01116902,4.73009208,0.05283051,15,v,0.6812014,0.36558713,5
26,包入,0.00521221,4.30072286,0.02241628,7,v,0.4278442,0.19725574,5
26,益菌,0.00446761,3.5689622,0.01594473,6,n,0.63717312,0.51950463,5
26,60,0.01638124,1.37286171,0.02248917,22,m,1.63324586,1.20353583,5
26,娘家益生菌,0.00297841,6.30581461,0.01878128,4,n,0.70010477,0.61500608,5
26,舒暢,0.00521221,4.37989084,0.02282892,7,a,0.75706849,0.71611951,5
26,禮袋,0.00297841,7.16156902,0.02133006,4,n,0.91430954,0.55374737,5
26,纖活,0.00297841,5.89452515,0.01755629,4,n,0.59477942,0.55202579,5
26,BHK,0.00297841,6.88659289,0.02051107,4,eng,1.67958428,1.28448307,5
26,專利,0.00744602,3.12065739,0.02323647,10,n,0.8390589,0.59322492,5
26,有酵,0.00446761,5.13757332,0.02295267,6,v,0.41491189,0.39453629,5
26,Digestive,0.00297841,5.5521678,0.01653661,4,eng,1.47798498,1.30458192,5
26,Advantage,0.00297841,6.55963282,0.01953725,4,eng,2.07898409,1.46249004,5
26,兒童益生菌,0.00372301,5.66366222,0.02108586,5,n,0.5656982,0.48633744,5
27,微生物,0.00990099,2.67824906,0.02651732,4,n,0.66192691,0.66605137,5
27,腸道,0.02970297,3.4072645,0.10120588,12,n,0.64503133,0.45462099,5
27,細胞,0.02722772,3.69817376,0.10069285,11,n,0.60295737,0.60840123,5
27,維持,0.00990099,3.00646511,0.02976698,4,v,0.78170653,0.56771673,5
27,補充,0.01485149,2.29196517,0.03403909,6,v,0.56797888,0.39430986,5
27,Th2,0.00990099,6.30386723,0.06241453,4,eng,1.1232434,1.01076155,5
27,肝臟,0.00990099,4.66757196,0.04621358,4,n,0.62825308,0.76304205,5
27,活菌,0.01237624,3.49008577,0.04319413,5,n,0.73861032,0.63360662,5
28,腸道,0.02417582,3.4072645,0.08237343,11,n,0.64503133,0.45462099,5
28,調節,0.00879121,3.54156326,0.03113462,4,v,0.75645071,0.60422258,5
28,程涵宇,0.00879121,7.6187838,0.06697832,4,n,0.8789861,0.8922008,5
28,菌種,0.01318681,4.77968881,0.06302886,6,n,0.58534033,0.52848974,5
28,菌數,0.00879121,5.84045861,0.05134469,4,n,0.60189053,0.48111404,5
28,標示,0.00879121,3.57529534,0.03143117,4,v,0.88667447,0.53041565,5
28,吃益生菌,0.00879121,3.79305285,0.03334552,4,n,0.63657038,0.57952189,5
28,便祕,0.01098901,5.13757332,0.05645685,5,n,0.38241919,0.46195816,5
28,reurl,0.01098901,5.81507991,0.06390198,5,eng,1.1197153,0.75579979,5
29,益生菌,0.03571429,0.22670857,0.00809673,102,n,0.67285679,0.58955609,5
29,副作用,0.00280112,3.05813708,0.00856621,8,n,0.62726965,0.73435276,5
29,最多,0.00315126,2.2814572,0.00718947,9,d,0.85013569,0.4848106,5
29,新知,0.00245098,4.83187434,0.01184283,7,n,0.97617198,0.5975043,5
29,保健食品,0.00630252,1.75885465,0.01108522,18,n,0.67631316,0.53245262,5
29,證據,0.00140056,4.93525221,0.00691212,4,n,0.8741774,0.67462928,5
29,腸道,0.00630252,3.4072645,0.02147436,18,n,0.64503133,0.45462099,5
29,微生物,0.00280112,2.67824906,0.0075021,8,n,0.66192691,0.66605137,5
29,疾病,0.00665266,1.61479011,0.01074265,19,n,0.6026606,0.65858029,5
29,一種,0.00280112,2.86576532,0.00802735,8,m,0.78771527,0.59445602,5
29,治療,0.00735294,3.12875459,0.02300555,21,v,0.58827882,0.57181486,5
29,實證,0.0017507,5.64436268,0.00988159,5,v,0.85762445,0.73150762,5
29,屏障,0.00210084,4.06765551,0.00854549,6,n,0.65254841,0.62447189,5
29,Lactobacillus,0.00140056,5.13757332,0.00719548,4,n,1.16631844,1.12692184,5
29,研究,0.00805322,1.36586378,0.0109996,23,v,1.10728342,0.73666617,5
29,菌株,0.00420168,3.82027627,0.01605158,12,n,0.85506431,0.84921757,5
29,有益,0.00945378,2.38797979,0.02257544,27,n,0.69899698,0.68339542,5
29,陰道感染,0.00210084,7.47714285,0.01570828,6,n,0.52186168,0.55156717,5
29,症狀,0.0035014,3.47618058,0.0121715,10,n,0.42801503,0.43775402,5
29,最常,0.00210084,4.77124998,0.01002363,6,d,0.68642567,0.52998397,5
29,估計,0.0017507,5.06173569,0.00886158,5,v,0.94344244,0.57903317,5
29,系統性,0.00210084,6.83896646,0.01436758,6,n,0.75459234,0.39596427,5
29,文獻,0.0052521,5.31626392,0.02792155,15,n,0.91223115,0.52320148,5
29,回顧,0.0035014,4.92051,0.01722868,10,v,0.87523297,0.55282546,5
29,統合,0.00490196,5.03951267,0.02470349,14,v,1.5361949,1.22719756,5
29,分析,0.00560224,2.01401347,0.01128299,16,v,0.98370983,0.49296865,5
29,meta,0.00315126,6.01085416,0.01894177,9,eng,1.99952111,1.68736088,5
29,analysis,0.0035014,5.70021943,0.01995875,10,eng,2.24817682,1.56278736,5
29,指出,0.00665266,3.04309922,0.02024471,19,v,0.9238862,0.58986211,5
29,相較,0.00140056,5.05613346,0.00708142,4,d,0.54309796,0.31034054,5
29,降低,0.00595238,2.1238283,0.01264184,17,v,0.68686787,0.4994125,5
29,結論,0.00385154,5.24630582,0.02020636,11,n,0.95651159,0.72629668,5
29,受限,0.00140056,4.96540509,0.00695435,4,v,0.77035815,0.50905527,5
29,試驗,0.00385154,4.40579149,0.01696908,11,v,0.59040944,0.41747789,5
29,泌尿道,0.00140056,5.09022748,0.00712917,4,n,0.81865735,0.74582662,5
29,感染,0.00665266,1.98769617,0.01322347,19,v,1.14472495,0.88624863,5
29,壓力,0.00280112,2.99929663,0.00840139,8,n,0.62217094,0.40687292,5
29,反應,0.00280112,3.39022471,0.00949643,8,v,0.5406576,0.40048924,5
29,焦慮,0.0017507,4.07600627,0.00713587,5,a,0.58973438,0.47992805,5
29,隨機,0.00315126,3.73624565,0.01177388,9,d,0.85602982,0.52240986,5
29,對照,0.00420168,4.47520073,0.01880336,12,p,0.64213857,0.49927889,5
29,口服,0.00280112,2.5159893,0.00704759,8,n,0.68911552,0.70346507,5
29,改善,0.00560224,1.25009736,0.00700335,16,v,0.6408148,0.61059502,5
29,確認,0.00315126,3.18734871,0.01004417,9,v,1.2600914,0.83778857,5
29,有助,0.00420168,2.33882057,0.00982698,12,v,0.51685019,0.38276549,5
29,與者,0.0017507,9.57007031,0.01675432,5,c,0.88057801,0.60630723,5
29,體質,0.00245098,3.4235074,0.00839095,7,n,0.58860421,0.61001802,5
29,急性,0.00420168,2.92365926,0.01228428,12,n,0.72648461,0.77725891,5
29,上呼吸道,0.00140056,5.13757332,0.00719548,4,l,0.67059403,0.60830914,5
29,參與,0.00210084,3.47848473,0.00730774,6,v,0.70548226,0.35982165,5
29,安慰,0.0017507,3.83829474,0.0067197,5,v,0.80487837,0.65612653,5
29,持續,0.00210084,3.28697846,0.00690542,6,v,0.83432634,0.42937,5
29,抗生素,0.00245098,3.18734871,0.00781213,7,n,0.68553605,0.63379961,5
29,過敏性鼻炎,0.0017507,6.03138244,0.01055914,5,n,0.57730135,0.51855951,5
29,根除,0.00140056,5.51612819,0.00772567,4,v,0.75856431,0.7162463,5
29,位參,0.00140056,8.43343443,0.01181153,4,n,0.84913813,0.66574288,5
29,調節,0.00245098,3.54156326,0.0086803,7,v,0.75645071,0.60422258,5
29,牙周炎,0.0017507,5.02858366,0.00880354,5,n,0.74232907,0.7139713,5
29,牙齦,0.0017507,5.2262384,0.00914958,5,n,0.72273115,0.66313386,5
29,機制,0.0017507,4.31127702,0.00754775,5,n,0.85543594,0.45478348,5
29,療法,0.00210084,4.27226046,0.00897534,6,n,0.83495265,0.78825619,5
29,血壓,0.00245098,3.21355106,0.00787635,7,n,0.40242454,0.5242172,5
29,引發,0.00245098,3.89964266,0.00955795,7,v,0.64351586,0.42210736,5
29,劑量,0.00140056,4.87288218,0.00682476,4,n,0.63875721,0.731345,5
29,膽固醇,0.00455182,4.33816028,0.01974653,13,n,0.48515858,0.59226075,5
29,胰島素,0.0017507,5.56138437,0.00973632,5,n,0.50412429,0.46508937,5
29,異位,0.0017507,5.25308547,0.00919658,5,n,0.92049538,0.68243305,5
29,手術,0.0035014,3.25880761,0.01141039,10,n,0.75747718,0.65145515,5
29,Meta,0.0017507,6.01085416,0.0105232,5,eng,1.99952111,1.68736088,5
29,激躁,0.0017507,6.80307471,0.01191014,5,a,0.85179744,0.86720115,5
29,腹瀉,0.00280112,4.39997754,0.01232487,8,v,0.47469595,0.51622196,5
29,大腸癌,0.0017507,5.36071536,0.00938501,5,n,0.75149276,0.7856437,5
29,菌種,0.00140056,4.77968881,0.00669424,4,n,0.58534033,0.52848974,5
29,便祕,0.0017507,5.13757332,0.00899435,5,n,0.38241919,0.46195816,5
29,ADHD,0.00140056,6.65167957,0.00931608,4,eng,1.64031534,1.48546126,5
29,Asperger,0.0017507,9.62241088,0.01684596,5,eng,1.60931574,1.34834949,5
29,syndrome,0.00140056,6.13099662,0.00858683,4,eng,1.86059125,1.69660401,5
29,專利,0.0035014,3.12065739,0.01092667,10,n,0.8390589,0.59322492,5
29,Oliver,0.00315126,5.28769076,0.01666289,9,eng,2.37447691,1.51389605,5
29,Sun,0.00315126,3.3062098,0.01041873,9,eng,1.83264226,1.32960689,5
29,ago,0.00770308,4.54642801,0.0350215,22,eng,1.99721777,1.6566868,5
29,Reply,0.01155462,3.65597346,0.04224339,33,eng,2.14568091,1.5786112,5
29,months,0.00210084,4.91564383,0.01032698,6,eng,2.00893223,1.64308045,5
29,Author,0.00245098,5.58007633,0.01367666,7,eng,2.02116749,1.6492485,5
29,您好,0.00280112,3.47044334,0.00972113,8,l,0.83877933,0.36566992,5
29,year,0.0017507,4.53973905,0.00794772,5,eng,2.28496844,1.68646161,5
29,years,0.0035014,4.3913195,0.01537577,10,eng,2.12391763,1.686814,5
29,Chen,0.00140056,4.78393509,0.00670019,4,eng,1.44819093,0.96411812,5
29,chen,0.00140056,4.78393509,0.00670019,4,eng,1.44819093,0.96411812,5
29,Lien,0.00140056,7.00873631,0.00981616,4,eng,2.38876145,1.73854043,5
31,肌膚,0.01430615,3.1369179,0.04487722,10,n,0.60534589,0.51376624,6
31,乳酸菌,0.01573677,2.14488171,0.0337535,11,n,0.88168701,0.74550043,6
31,腸胃健康,0.00572246,5.87533095,0.03362135,4,n,0.4902178,0.52774521,6
31,CHOVERYG,0.00858369,15.0718386,0.12937201,6,eng,1.07557198,1.05227247,6
31,DAILY,0.00858369,4.29810163,0.03689358,6,eng,1.63652051,1.31608785,6
31,COSME,0.00572246,5.17461436,0.02961153,4,eng,1.07666316,0.85798579,6
31,BioMedi,0.00858369,10.7119298,0.09194789,6,eng,0.77610876,0.61371786,6
31,保濕,0.00858369,2.62773329,0.02255565,6,v,0.48244822,0.43068427,6
31,肥皂,0.00858369,3.64229338,0.03126432,6,n,0.78637114,0.51474149,6
31,腸胃道,0.01287554,5.3837047,0.06931809,9,n,0.59199142,0.54171029,6
31,細菌,0.01430615,3.561415,0.05095014,10,n,0.62647355,0.55227969,6
31,人體,0.01001431,2.66282459,0.02666634,7,n,0.4195322,0.35162851,6
31,正面,0.00715308,3.59713304,0.02573057,5,ad,0.91544736,0.61621784,6
31,效益,0.00715308,3.90140168,0.02790702,5,n,0.78323706,0.59597792,6
31,腸道,0.00858369,3.4072645,0.02924691,6,n,0.64503133,0.45462099,6
31,壞菌,0.00715308,5.29475787,0.0378738,5,n,0.67251987,0.61501903,6
31,影響,0.00858369,2.46866867,0.02119029,6,v,0.71351624,0.37411964,6
31,狀態,0.01144492,3.2965479,0.03772873,8,n,0.5316149,0.30619879,6
31,皮膚,0.01430615,2.37641897,0.03399741,10,n,0.62011265,0.52996839,6
31,弱酸性,0.00572246,4.50372873,0.02577241,4,n,0.78137814,0.74189629,6
31,表面,0.00858369,3.09675189,0.02658156,6,n,0.77437258,0.59898835,6
32,腸道,0.01796407,3.4072645,0.06120834,6,n,0.64503133,0.45462099,6
32,過敏,0.03293413,3.12875459,0.10304282,11,n,0.52349624,0.48703641,6
32,體質,0.01197605,3.4235074,0.04100009,4,n,0.58860421,0.61001802,6
32,患者,0.01497006,2.25396407,0.03374198,5,n,0.7279608,0.6946498,6
32,民眾,0.01197605,3.37867603,0.04046319,4,n,0.91848666,0.61455937,6
32,蘇育儀,0.01197605,11.1774705,0.13386192,4,n,0.93601065,0.92023438,6
32,服用,0.01197605,2.3241683,0.02783435,4,v,0.61441908,0.67584718,6
34,OMIYA,0.02014846,9.10537139,0.18345923,19,eng,1.47127186,1.12180064,6
34,康敏,0.0116649,6.65720429,0.07765562,11,n,0.80787632,0.70812495,6
34,挪威,0.00742312,3.24045849,0.0240543,7,n,0.80494569,0.61522004,6
34,酵母,0.00742312,2.91050119,0.02160499,7,n,0.82406164,0.73706236,6
34,多醣,0.01272534,4.89166198,0.06224808,12,z,0.73058648,0.76922182,6
34,菌叢,0.00424178,5.14976852,0.02184419,4,n,0.85737876,0.83124838,6
34,體內,0.01060445,3.53910927,0.03753032,10,n,0.63211966,0.70484455,6
34,幫助,0.00954401,2.38025775,0.0227172,9,v,0.47871527,0.24520063,6
34,維持消化道機能,0.00424178,5.11955492,0.02171603,4,n,0.81314796,0.8433992,6
34,排便順暢,0.00530223,4.60161424,0.0243988,5,n,0.71150154,0.70652406,6
34,調節生理機能,0.00424178,5.18092349,0.02197635,4,n,0.68678853,0.81844123,6
34,調整,0.00636267,3.05058988,0.0194099,6,v,1.0045345,0.52545118,6
34,NBG,0.00636267,8.99333663,0.05722165,6,eng,1.35037023,1.11286593,6
34,葡聚糖,0.00742312,5.30904373,0.03940966,7,n,0.73556083,0.70856196,6
34,mg,0.00848356,3.23140866,0.02741386,8,eng,1.56077989,0.94993314,6
34,嗜酸乳桿菌,0.00424178,5.69809406,0.02417007,4,n,0.65621466,0.66351813,6
34,雙叉乳桿菌,0.00424178,8.46840303,0.03592112,4,n,0.67431452,0.75003242,6
34,比菲德氏龍根菌,0.00424178,7.26794427,0.03082903,4,n,0.54297578,0.53121565,6
34,挑任,0.00424178,7.91128388,0.03355794,4,v,0.73782539,0.58551658,6
34,體質,0.00636267,3.4235074,0.02178266,6,n,0.58860421,0.61001802,6
34,營養,0.0116649,1.29325126,0.01508565,11,n,0.36230544,0.38380404,6
34,消化道,0.01378579,3.74825779,0.05167269,13,n,0.64404624,0.69556414,6
34,功效,0.00848356,1.68327198,0.01428014,8,n,0,0.78370671,6
34,品質,0.00954401,2.57030127,0.02453098,9,n,0.84873507,0.68515957,6
34,七種,0.00424178,5.64235265,0.02393363,4,m,0.51251001,0.23165229,6
34,維持,0.00636267,3.00646511,0.01912915,6,v,0.78170653,0.56771673,6
34,生長,0.00530223,3.71849373,0.0197163,5,n,0.42587634,0.44516472,6
34,壞菌,0.00424178,5.29475787,0.02245921,4,n,0.67251987,0.61501903,6
34,0公克,0.00424178,5.9766145,0.02535149,4,n,0.88947916,0.60380849,6
35,TCI,0.00296296,8.14293355,0.02412721,4,eng,1.55487501,1.01436046,6
35,大江,0.0037037,5.46439296,0.02023849,5,n,1.14901934,0.79062459,6
35,產品,0.01333333,1.72833347,0.02304445,18,n,0.51295934,0.36098636,6
35,開發,0.0037037,3.15344719,0.01167943,5,v,0.76671733,0.27340474,6
35,趨勢,0.00592593,3.49711155,0.02072362,8,n,0.69150603,0.56652419,6
35,腸道,0.01259259,3.4072645,0.04290629,17,n,0.64503133,0.45462099,6
35,顯示,0.00518519,2.51159369,0.01302308,7,v,0.667531,0.26321849,6
35,微生物,0.01185185,2.67824906,0.03174221,16,n,0.66192691,0.66605137,6
35,組計,0.00296296,9.73010261,0.02882993,4,v,0.93830553,0.97812878,6
35,不斷,0.00444444,3.22244,0.01432196,6,d,0.56649696,0.31489899,6
35,國際,0.00518519,2.02473743,0.01049864,7,n,0.62814491,0.24735708,6
35,益生質,0.00444444,6.34964545,0.02822065,6,n,0.71621775,0.62623087,6
35,美元,0.0037037,3.44670002,0.01276556,5,q,0.93024846,0.49010683,6
35,人體,0.00666667,2.66282459,0.01775216,9,n,0.4195322,0.35162851,6
35,來源,0.01111111,3.05058988,0.03389544,15,n,0.5214853,0.27790158,6
35,官網,0.0037037,3.16181543,0.01171043,5,n,0.69351181,0.2330547,6
35,市場,0.00962963,2.76478946,0.0266239,13,n,1.02675394,0.50563935,6
35,已經,0.00444444,2.39186329,0.0106305,6,d,0.86998784,0.48696096,6
35,功能性,0.0037037,3.83334833,0.01419759,5,n,0.60527297,0.34848936,6
35,飲料,0.01185185,2.3061498,0.02733215,16,n,0.81405294,0.47337514,6
35,消費者,0.00592593,2.38411131,0.01412807,8,n,0.91936939,0.62663357,6
35,發酵,0.00444444,3.77893499,0.01679527,6,v,0.68161816,0.61281129,6
35,大廠,0.0037037,4.2421075,0.01571151,5,n,0.95858062,0.44679877,6
35,旗下,0.00444444,2.41151028,0.01071782,6,n,0.86371937,0.47591305,6
35,成為,0.0037037,2.82895137,0.0104776,5,v,0.58285727,0.27705449,6
35,Email,0.00296296,3.83334833,0.01135807,4,eng,1.99684098,1.28031716,6
37,益生菌,0.07371168,0.22670857,0.01671107,113,n,0.67285679,0.58955609,7
37,Probiotics,0.00326158,4.45662441,0.01453563,5,eng,1.09440429,1.06043006,7
37,功效,0.04500978,1.68327198,0.07576371,69,n,0,0.78370671,7
37,缺乏,0.00978474,2.75915565,0.02699761,15,v,0.76729873,0.64518501,7
37,疾病,0.00782779,1.61479011,0.01264024,12,n,0.6026606,0.65858029,7
37,副作用,0.00587084,3.05813708,0.01795384,9,n,0.62726965,0.73435276,7
37,適合,0.00652316,2.8783441,0.01877589,10,v,0.58450784,0.37188501,7
37,過量,0.00260926,4.6983435,0.01225921,4,n,0.54184861,0.56889391,7
37,攝取,0.00978474,3.82515829,0.03742816,15,v,0.62120778,0.67938494,7
37,人體,0.0084801,2.66282459,0.02258103,13,n,0.4195322,0.35162851,7
37,推薦,0.03913894,1.45325559,0.05687889,60,v,0.44387975,0.36786063,7
37,品牌,0.01630789,0.71837367,0.01171516,25,n,0.84905972,0,7
37,挑選,0.02152642,3.27749972,0.07055283,33,v,0.76454972,0.53461193,7
37,心法,0.01043705,5.84782956,0.0610341,16,n,0.8574401,4.57053083,7
37,定殖,0.00587084,4.6340494,0.02720577,9,n,0.94661892,0.70701614,7
37,統整,0.00260926,7.08648188,0.01849049,4,v,0.9287328,0.70257673,7
37,細菌,0.00326158,3.561415,0.01161583,5,n,0.62647355,0.55227969,7
37,補充,0.00913242,2.29196517,0.02093119,14,v,0.56797888,0.39430986,7
37,適度,0.00260926,5.19366244,0.01355163,4,a,0.93611713,0.77325301,7
37,體質,0.00391389,3.4235074,0.01339925,6,n,0.58860421,0.61001802,7
37,症狀,0.00782779,3.47618058,0.02721081,12,n,0.42801503,0.43775402,7
37,比較,0.00978474,2.3241683,0.02274137,15,d,0.62888579,0.61432376,7
37,腸道,0.00521853,3.4072645,0.0177809,8,n,0.64503133,0.45462099,7
37,留意,0.00521853,3.92635836,0.0204898,8,v,0.88761151,0.58689237,7
37,吃法,0.00456621,4.09933708,0.01871843,7,v,0.65835354,0.48504372,7
37,建議,0.00521853,2.20114653,0.01148674,8,n,0.74685957,0.41947337,7
37,菌種,0.00913242,4.77968881,0.04365013,14,n,0.58534033,0.52848974,7
37,菌數,0.00652316,5.84045861,0.03809823,10,n,0.60189053,0.48111404,7
37,取決,0.00260926,5.98931739,0.0156277,4,v,0.88468793,0.58703984,7
37,菌株,0.00587084,3.82027627,0.02242824,9,n,0.85506431,0.84921757,7
37,族群,0.00717547,3.61284015,0.02592384,11,n,0.90236854,0.62803693,7
37,益生菌推薦,0.00587084,5.48992604,0.03223049,9,n,0.58073834,0.52897652,7
37,ptt,0.00456621,3.66705389,0.01674454,7,eng,1.20451164,0.57102803,7
37,屈臣氏,0.00391389,4.21283719,0.0164886,6,n,0.80642953,0.60622697,7
37,LP28,0.00260926,6.23981641,0.01628132,4,eng,1.05384162,0.89240762,7
37,益生質,0.00391389,6.34964545,0.02485184,6,n,0.71621775,0.62623087,7
37,編號,0.00391389,3.27749972,0.01282779,6,n,0.75376508,0.38650861,7
38,抑鬱,0.01086957,5.85774278,0.06367112,8,a,0.57271022,0.50527667,7
38,乳酪,0.01630435,3.42132638,0.0557825,12,n,0.87279242,0.64329438,7
38,腸道,0.02038043,3.4072645,0.06944153,15,n,0.64503133,0.45462099,7
38,減少,0.00815217,3.16181543,0.02577567,6,v,0.63562693,0.39786109,7
38,攝取,0.01766304,3.82515829,0.06756394,13,v,0.62120778,0.67938494,7
38,細菌,0.00679348,3.561415,0.0241944,5,n,0.62647355,0.55227969,7
38,乳酸菌,0.01086957,2.14488171,0.02331393,8,n,0.88168701,0.74550043,7
38,服用,0.01358696,2.3241683,0.03157837,10,v,0.61441908,0.67584718,7
38,抗生素,0.00815217,3.18734871,0.02598382,6,n,0.68553605,0.63379961,7
38,發現,0.01086957,2.18836681,0.0237866,8,v,0.53528129,0.28028331,7
38,一項,0.00543478,4.4145763,0.02399226,4,m,0.9614563,0.37068097,7
38,膽固醇,0.00679348,4.33816028,0.0294712,5,n,0.48515858,0.59226075,7
38,大學,0.00679348,3.11262523,0.02114555,5,n,1.22358208,0.67024705,7
38,相等,0.00543478,5.35316821,0.02909331,4,v,0.89135611,0.76368463,7
38,芝士,0.00543478,3.86340062,0.02099674,4,n,0.9293119,0.61250985,7
39,腸道,0.0316092,3.4072645,0.10770089,11,n,0.64503133,0.45462099,7
39,菌數,0.01149425,5.84045861,0.06713171,4,n,0.60189053,0.48111404,7
39,Lactobacillus,0.01149425,5.13757332,0.05905257,4,n,1.16631844,1.12692184,7
40,活菌,0.01359517,3.49008577,0.0474483,9,n,0.73861032,0.63360662,7
40,腸道,0.01057402,3.4072645,0.03602848,7,n,0.64503133,0.45462099,7
40,人體,0.00906344,2.66282459,0.02413436,6,n,0.4195322,0.35162851,7
40,菌種,0.01208459,4.77968881,0.05776059,8,n,0.58534033,0.52848974,7
40,乳酸菌,0.03323263,2.14488171,0.07128006,22,n,0.88168701,0.74550043,7
40,單一,0.0060423,4.30072286,0.02598624,4,a,0.84193734,0.52449879,7
40,菌株,0.01208459,3.82027627,0.04616648,8,n,0.85506431,0.84921757,7
40,優酪乳,0.02114804,5.06173569,0.10704577,14,n,0.74663569,0.55351967,7
40,胃酸,0.01359517,3.81865421,0.05191524,9,n,0.69298344,0.8003059,7
40,膽鹽,0.0060423,6.74698699,0.04076729,4,n,0.70974057,0.71098719,7
40,空腹,0.00906344,3.75583931,0.03404084,6,n,0.6905384,0.77655611,7
41,腸道,0.0167264,3.4072645,0.05699128,14,n,0.64503133,0.45462099,8
41,菌種,0.01314217,4.77968881,0.0628155,11,n,0.58534033,0.52848974,8
41,產品,0.01792115,1.72833347,0.03097372,15,n,0.51295934,0.36098636,8
41,菌株,0.00597372,3.82027627,0.02282124,5,n,0.85506431,0.84921757,8
41,好菌,0.0083632,4.08231542,0.03414123,7,n,0.65906116,0.58966176,8
41,乳酸菌,0.01075269,2.14488171,0.02306324,9,n,0.88168701,0.74550043,8
41,球菌,0.01075269,4.04301365,0.04347327,9,n,0.78772974,0.72728781,8
41,菌數,0.00597372,5.84045861,0.03488924,5,n,0.60189053,0.48111404,8
41,廠商,0.00955795,3.33977659,0.0319214,8,n,0.77396694,0.36433139,8
41,定殖,0.00477897,4.6340494,0.02214599,4,n,0.94661892,0.70701614,8
41,業者,0.00597372,3.64501446,0.02177428,5,n,1.55576999,0.71771948,8
41,成份,0.0083632,2.70983061,0.02266286,7,n,0.61580286,0.59675616,8
41,天然優格粉,0.00477897,9.42771766,0.0450548,4,n,0.69483846,0.58727147,8
41,寡糖,0.01314217,4.20804103,0.05530281,11,n,0.79823293,0.72233488,8
41,優格,0.00477897,3.841606,0.01835893,4,n,0.72930945,0.43748902,8
41,膳食纖維,0.01075269,3.80897673,0.04095674,9,n,0.53777513,0.56202772,8
41,益生質,0.00477897,6.34964545,0.03034478,4,n,0.71621775,0.62623087,8
41,果糖,0.00477897,4.01304144,0.01917821,4,n,0.7328552,0.74505222,8
41,包膜,0.00477897,5.62839444,0.02689794,4,n,0.46545874,0.28553545,8
41,熱縮膜,0.00716846,8.33087607,0.05971954,6,n,0.71790464,0.65773526,8
42,補充,0.01657459,2.29196517,0.03798837,9,v,0.56797888,0.39430986,8
42,服用,0.03499079,2.3241683,0.08132449,19,v,0.61441908,0.67584718,8
42,細菌,0.01289134,3.561415,0.04591143,7,n,0.62647355,0.55227969,8
42,腸道,0.01473297,3.4072645,0.05019911,8,n,0.64503133,0.45462099,8
42,微生物,0.02025783,2.67824906,0.05425551,11,n,0.66192691,0.66605137,8
42,抗生素,0.01104972,3.18734871,0.03521932,6,n,0.68553605,0.63379961,8
42,發酵,0.0092081,3.77893499,0.03479682,5,v,0.68161816,0.61281129,8
42,菌株,0.01289134,3.82027627,0.0492485,7,n,0.85506431,0.84921757,8
42,比菲德氏菌,0.0092081,5.79733868,0.05338249,5,n,0.63946303,0.5887609,8
42,特定,0.0092081,3.41049204,0.03140416,5,d,1.80739727,1.35525993,8
42,乳酸桿菌,0.00736648,5.29475787,0.03900374,4,n,0.5864499,0.47313222,8
42,腹瀉,0.00736648,4.39997754,0.03241236,4,v,0.47469595,0.51622196,8
43,悠活,0.01986755,4.85902521,0.09653692,6,a,0.93999528,0.81464766,8
43,原力,0.02317881,4.94520249,0.1146239,7,n,0.87715351,0.46518071,8
43,好菌,0.01655629,4.08231542,0.067588,5,n,0.65906116,0.58966176,8
43,專區,0.0397351,2.24720729,0.089293,12,n,1.07507283,0.39568868,8
43,軟糖,0.01655629,3.93724774,0.06518622,5,n,0.73273416,0.40208045,8
43,product,0.02317881,3.21355106,0.07448628,7,eng,1.78352992,1.36603082,8
44,考慮,0.00673401,3.49008577,0.02350226,4,v,0.77607888,0.44003412,9
44,菌種,0.02020202,4.77968881,0.09655937,12,n,0.58534033,0.52848974,9
44,過敏,0.00841751,3.12875459,0.02633632,5,n,0.52349624,0.48703641,9
44,腸道,0.02188552,3.4072645,0.07456976,13,n,0.64503133,0.45462099,9
44,菌數,0.01010101,5.84045861,0.05899453,6,n,0.60189053,0.48111404,9
44,胃酸,0.02020202,3.81865421,0.07714453,12,n,0.69298344,0.8003059,9
44,技術,0.00841751,2.66793969,0.0224574,5,n,0.85275936,0.54899102,9
44,菌株,0.01515152,3.82027627,0.05788297,9,n,0.85506431,0.84921757,9
44,調節,0.00673401,3.54156326,0.02384891,4,v,0.75645071,0.60422258,9
44,強調,0.01010101,3.60626551,0.03642692,6,v,0.65873375,0.45374822,9
44,抵達,0.00673401,5.03951267,0.03393611,4,v,0.89661704,0.5377963,9
45,兒童益生菌,0.00803213,5.66366222,0.04549126,4,n,0.5656982,0.48633744,9
45,精油,0.03815261,1.30499308,0.04978889,19,n,0.63806879,0.53424971,9
45,LRP,0.00803213,6.56719887,0.05274859,4,eng,1.289915,1.06787081,9
45,忠誠,0.00803213,5.42323523,0.04356012,4,a,0.81848753,0.66024716,9
45,顧客,0.00803213,3.84326575,0.0308696,4,n,0.85713191,0.47608981,9
45,獎勵,0.01204819,4.75872377,0.05733402,6,v,0.63360378,0.43422619,9
45,計畫,0.01004016,3.46815762,0.03482086,5,n,0.77011759,0.25411955,9
45,View,0.00803213,4.16358937,0.03344248,4,eng,2.06209748,1.62274072,9
45,套裝,0.01204819,2.72600346,0.03284342,6,n,0.77195836,0.65191415,9
45,輔銷,0.00803213,9.25361198,0.0743262,4,v,0.85612083,0.62682002,9
45,Lactobacillus,0.00803213,5.13757332,0.04126565,4,n,1.16631844,1.12692184,9
46,菌株,0.03424658,3.82027627,0.13083138,5,n,0.85506431,0.84921757,9
49,益生菌推薦,0.00411946,5.48992604,0.02261556,4,n,0.58073834,0.52897652,9
49,日日,0.01338826,4.52978875,0.06064599,13,t,1.22040956,0.85381696,9
49,足量,0.00823893,5.09022748,0.04193802,8,n,0.89690682,0.66273327,9
49,專利,0.01750772,3.12065739,0.05463561,17,n,0.8390589,0.59322492,9
49,plus,0.00823893,2.36120956,0.01945384,8,eng,1.91950857,1.42757597,9
49,酵素,0.01132853,2.10905699,0.02389251,11,n,0.76901868,0.71091275,9
49,EX,0.0061792,3.82027627,0.02360624,6,eng,2.04030261,1.53153451,9
49,產品,0.01544799,1.72833347,0.02669928,15,n,0.51295934,0.36098636,9
49,幫助,0.00823893,2.38025775,0.01961077,8,v,0.47871527,0.24520063,9
49,維持消化道機能,0.00514933,5.11955492,0.02636228,5,n,0.81314796,0.8433992,9
49,體質,0.0061792,3.4235074,0.02115453,6,n,0.58860421,0.61001802,9
49,腸道,0.00514933,3.4072645,0.01754513,5,n,0.64503133,0.45462099,9
49,添加物,0.00411946,4.24707028,0.01749566,4,n,0.78759202,0.58792924,9
49,菌數,0.01647786,5.84045861,0.09623825,16,n,0.60189053,0.48111404,9
49,菌種,0.02265705,4.77968881,0.10829367,22,n,0.58534033,0.52848974,9
49,球菌,0.00514933,4.04301365,0.02081881,5,n,0.78772974,0.72728781,9
49,乳酸桿菌,0.00514933,5.29475787,0.02726446,5,n,0.5864499,0.47313222,9
49,菌株,0.03089598,3.82027627,0.11803119,30,n,0.85506431,0.84921757,9
49,編號,0.01029866,3.27749972,0.03375386,10,n,0.75376508,0.38650861,9
49,Lactobacillus,0.01338826,5.13757332,0.06878316,13,n,1.16631844,1.12692184,9
49,LP33,0.00411946,5.85898887,0.0241359,4,n,0.98208971,0.83402361,9
49,膳食纖維,0.0061792,3.80897673,0.02353642,6,n,0.53777513,0.56202772,9
49,粉狀,0.00514933,5.33086262,0.02745037,5,n,0.72496198,0.66906669,9
49,寡糖,0.0061792,4.20804103,0.02600231,6,n,0.79823293,0.72233488,9
49,調味劑,0.00411946,6.57737681,0.02709527,4,n,0.54179419,0.51709527,9
49,paracasei,0.00514933,6.5748226,0.03385594,5,eng,1.03607203,1.00376454,9
49,單位,0.0092688,3.35393253,0.03108691,9,n,0.71881196,0.38499819,9
49,指數,0.0061792,3.64229338,0.02250645,6,n,0.78128209,0.48753998,9
49,LGG,0.00411946,5.60878616,0.0231052,4,eng,1.14395945,0.85417055,9
50,MONSTER,0.01275046,5.44772605,0.06946099,7,eng,2.00341036,1.46462123,9
50,科學,0.00728597,3.24045849,0.0236099,4,n,0.54646786,0.32847801,9
50,篩選,0.00728597,4.46277825,0.03251569,4,v,0.81728364,0.46876879,9
50,腸道,0.02185792,3.4072645,0.07447573,12,n,0.64503133,0.45462099,9
50,菌叢,0.01092896,5.14976852,0.05628162,6,n,0.85737876,0.83124838,9
50,菌株,0.01821494,3.82027627,0.06958609,10,n,0.85506431,0.84921757,9
50,產品,0.01639344,1.72833347,0.02833334,9,n,0.51295934,0.36098636,9
50,貓咪,0.00910747,3.71702853,0.03385272,5,n,0.69167773,0.52994911,9
50,團隊,0.00728597,3.62612054,0.02641982,4,n,0.68070747,0.2909396,9
51,益生質,0.05844156,6.34964545,0.37108318,9,n,0.71621775,0.62623087,9
51,好菌,0.06493506,4.08231542,0.26508542,10,n,0.65906116,0.58966176,9
52,益菌,0.01089325,3.5689622,0.03887758,5,n,0.63717312,0.51950463,10
52,挑選,0.0130719,3.27749972,0.04284313,6,v,0.76454972,0.53461193,10
52,迷思,0.01089325,4.8363486,0.05268354,5,v,0.81375805,0.62370842,10
52,菌種,0.01525054,4.77968881,0.07289286,7,n,0.58534033,0.52848974,10
52,Lactobacillus,0.0087146,5.13757332,0.04477188,4,n,1.16631844,1.12692184,10
52,腸道,0.01525054,3.4072645,0.05196264,7,n,0.64503133,0.45462099,10
52,包覆,0.01089325,3.82027627,0.04161521,5,v,0.65138272,0.49141524,10
53,吃益生菌,0.00288018,3.79305285,0.01092469,5,n,0.63657038,0.57952189,10
53,小腸,0.00460829,5.56138437,0.0256285,8,n,0.72366743,0.79304312,10
53,人體,0.00460829,2.66282459,0.01227108,8,n,0.4195322,0.35162851,10
53,腸道,0.0218894,3.4072645,0.07458298,38,n,0.64503133,0.45462099,10
53,細胞,0.00403226,3.69817376,0.01491199,7,n,0.60295737,0.60840123,10
53,減少,0.00403226,3.16181543,0.01274926,7,v,0.63562693,0.39786109,10
53,韓國,0.00518433,2.26076681,0.01172057,9,n,0.67249867,0.35298967,10
53,根堂,0.00518433,10.375914,0.05379218,9,n,0.72422255,0.60567163,10
53,LACTO,0.00576037,5.74148434,0.03307307,10,eng,1.18867113,1.11485987,10
53,FIT,0.00576037,4.04301365,0.02328925,10,eng,2.0303404,1.50216086,10
53,國民,0.00403226,4.1079578,0.01656435,7,n,0.72701849,0.45686387,10
53,活菌,0.00345622,3.49008577,0.01206251,6,n,0.73861032,0.63360662,10
53,體內,0.00345622,3.53910927,0.01223194,6,n,0.63211966,0.70484455,10
53,菌叢,0.00518433,5.14976852,0.02669811,9,n,0.85737876,0.83124838,10
53,匯款,0.00345622,4.6983435,0.01623851,6,n,0.9214574,0.58465972,10
53,適合,0.00806452,2.8783441,0.02321245,14,v,0.58450784,0.37188501,10
53,微生物,0.00403226,2.67824906,0.01079939,7,n,0.66192691,0.66605137,10
53,產生,0.00460829,3.08112658,0.01419874,8,n,0.63044777,0.40175546,10
53,物質,0.00345622,3.15344719,0.01089901,6,n,0.56263858,0.54481703,10
53,生長,0.00576037,3.71849373,0.02141989,10,n,0.42587634,0.44516472,10
53,促進,0.00345622,3.14514839,0.01087033,6,v,0.54849088,0.5182286,10
53,降低,0.00460829,2.1238283,0.00978723,8,v,0.68686787,0.4994125,10
53,調節,0.00345622,3.54156326,0.01224043,6,v,0.75645071,0.60422258,10
53,抗生素,0.00288018,3.18734871,0.00918015,5,n,0.68553605,0.63379961,10
53,預防,0.00403226,3.08112658,0.0124239,7,v,0.56200672,0.60276391,10
53,腹瀉,0.00345622,4.39997754,0.0152073,6,v,0.47469595,0.51622196,10
53,大腸,0.00230415,4.32462831,0.00996458,4,n,0.6832304,0.64407185,10
53,攝取,0.00230415,3.82515829,0.00881373,4,v,0.62120778,0.67938494,10
53,幫助,0.00460829,2.38025775,0.01096893,8,v,0.47871527,0.24520063,10
53,益生質,0.00230415,6.34964545,0.01463052,4,n,0.71621775,0.62623087,10
53,壞菌,0.00230415,5.29475787,0.0121999,4,n,0.67251987,0.61501903,10
53,乳桿菌,0.00288018,5.03951267,0.01451473,5,n,0.73430634,0.600195,10
53,菌種,0.00403226,4.77968881,0.01927294,7,n,0.58534033,0.52848974,10
53,膽汁,0.00288018,6.26382451,0.01804097,5,n,0.74539571,0.86622411,10
53,乳酸桿菌,0.00403226,5.29475787,0.02134983,7,n,0.5864499,0.47313222,10
53,比菲德氏菌,0.00230415,5.79733868,0.01335792,4,n,0.63946303,0.5887609,10
53,通稱,0.00230415,7.78385055,0.01793514,4,v,1.27159742,1.13105179,10
53,嗜熱鏈球菌,0.00230415,6.61383824,0.01523926,4,n,0.78456954,0.79548824,10
53,病原菌,0.00230415,5.31626392,0.01224946,4,n,0.8180522,0.84036197,10
53,分泌,0.00345622,2.8783441,0.00994819,6,v,0.59003747,0.71218646,10
53,抑制,0.00864055,2.41548642,0.02087114,15,v,0.71622084,0.74652839,10
53,膽固醇,0.00288018,4.33816028,0.0124947,5,n,0.48515858,0.59226075,10
53,發酵,0.00460829,3.77893499,0.01741445,8,v,0.68161816,0.61281129,10
53,細菌,0.00345622,3.561415,0.01230904,6,n,0.62647355,0.55227969,10
53,桿菌,0.00518433,3.88568086,0.02014466,9,n,0.58438191,0.45765651,10
53,嗜酸乳桿菌,0.00230415,5.69809406,0.01312925,4,n,0.65621466,0.66351813,10
53,凝結,0.00345622,5.50731764,0.01903451,6,v,0.78016357,0.69123641,10
53,芽孢,0.00345622,4.38273578,0.0151477,6,n,0.78300315,0.79070269,10
53,濟州島,0.00403226,4.45356163,0.01795791,7,n,0.77245381,0.61445039,10
53,Hotel,0.00288018,3.36519736,0.00969239,5,eng,2.43326504,1.49565207,10
54,醫師,0.01603499,3.2965479,0.0528601,11,n,0.77360268,0.67970899,10
54,醫學,0.01311953,3.31596597,0.04350393,9,n,0.5181746,0.42146557,10
54,審稿,0.01311953,7.41025269,0.09721906,9,v,0.75842678,0.62002661,10
54,賴建翰,0.00728863,11.1800183,0.08148701,5,n,0.90911411,0.93734501,10
54,時間,0.01457726,1.53076472,0.02231435,10,n,0.92365992,0.63447895,10
54,分鐘,0.01311953,2.37259488,0.03112734,9,q,0.61907091,0.39154042,10
54,腸道,0.00874636,3.4072645,0.02980115,6,n,0.64503133,0.45462099,10
54,數量,0.00874636,2.28845023,0.0200156,6,n,0.65768813,0.3350649,10
54,益菌,0.00874636,3.5689622,0.03121541,6,n,0.63717312,0.51950463,10
54,幫助,0.01166181,2.38025775,0.02775811,8,v,0.47871527,0.24520063,10
54,生長,0.0058309,3.71849373,0.02168218,4,n,0.42587634,0.44516472,10
54,預防,0.0058309,3.08112658,0.01796575,4,v,0.56200672,0.60276391,10
54,腹瀉,0.00728863,4.39997754,0.03206981,5,v,0.47469595,0.51622196,10
54,來說,0.00728863,3.12065739,0.02274532,5,u,0.46036487,0.21469883,10
54,填完,0.0058309,5.86148572,0.03417776,4,v,0.86269725,0.69598599,10
54,細節,0.0058309,3.40084051,0.01982997,4,n,0.78918253,0.42746206,10
54,下方,0.0058309,3.23140866,0.01884203,4,f,0.85957452,0.53090459,10
54,提交,0.00874636,3.02095811,0.02642237,6,v,0.81101211,0.47319648,10
54,意見,0.00874636,3.56770037,0.03120438,6,n,0.75061066,0.41493871,10
54,飲食,0.00874636,2.34995241,0.02055352,6,n,0.70565202,0.63204126,10
54,過敏,0.00728863,3.12875459,0.02280433,5,n,0.52349624,0.48703641,10
54,發布,0.0058309,4.44442917,0.02591504,4,v,0.91527069,0.48365385,10
56,藥師,0.02312139,4.84535763,0.11203139,4,n,0.78207818,0.75651061,10
56,腸道,0.04046243,3.4072645,0.13786619,7,n,0.64503133,0.45462099,10
57,專家,0.00664452,3.12065739,0.02073527,8,n,0.50425162,0.27044765,10
57,專訪,0.00664452,4.98602427,0.03312973,8,v,0.68528025,0.45269662,10
57,精準,0.00581395,4.22736526,0.0245777,7,n,0.87541186,0.54439704,10
57,預防,0.00664452,3.08112658,0.0204726,8,v,0.56200672,0.60276391,10
57,改善,0.01079734,1.25009736,0.01349773,13,v,0.6408148,0.61059502,10
57,腸道,0.03654485,3.4072645,0.12451797,44,n,0.64503133,0.45462099,10
57,維持,0.00747508,3.00646511,0.02247358,9,v,0.78170653,0.56771673,10
57,發現,0.00830565,2.18836681,0.0181758,10,v,0.53528129,0.28028331,10
57,透過,0.00498339,3.24959096,0.01619397,6,v,0.80194191,0.5229122,10
57,焦慮,0.00332226,4.07600627,0.01354155,4,a,0.58973438,0.47992805,10
57,病原菌,0.00415282,5.31626392,0.02207751,5,n,0.8180522,0.84036197,10
57,菌種,0.00913621,4.77968881,0.04366825,11,n,0.58534033,0.52848974,10
57,微生物,0.00498339,2.67824906,0.01334676,6,n,0.66192691,0.66605137,10
57,菌叢,0.00415282,5.14976852,0.02138608,5,n,0.85737876,0.83124838,10
57,調節,0.00498339,3.54156326,0.01764899,6,v,0.75645071,0.60422258,10
57,反應,0.00415282,3.39022471,0.01407901,5,v,0.5406576,0.40048924,10
57,菌株,0.00415282,3.82027627,0.01586493,5,n,0.85506431,0.84921757,10
57,次世代,0.00332226,6.2941868,0.02091092,4,t,1.41880788,0.87607733,10
57,定序,0.00415282,7.61156408,0.03160949,5,n,0.83158974,0.67970126,10
57,PCR,0.00332226,5.78105944,0.01920618,4,eng,1.64234476,1.16572145,10
57,產生,0.00664452,3.08112658,0.0204726,8,v,0.63044777,0.40175546,10
57,Lactobacillus,0.00664452,5.13757332,0.0341367,8,n,1.16631844,1.12692184,10
57,gasseri,0.00498339,8.02421268,0.03998777,6,eng,1.10412836,1.03287982,10
57,CP2305,0.00830565,9.52033355,0.07907254,10,eng,1.13233385,0.97348149,10
57,活性,0.00581395,2.3169219,0.01347048,7,n,0.72346176,0.74454331,10
57,桿菌,0.00498339,3.88568086,0.01936386,6,n,0.58438191,0.45765651,10
57,乳酸菌,0.01328904,2.14488171,0.02850341,16,n,0.88168701,0.74550043,10
57,乳糖,0.00581395,3.32581826,0.01933615,7,n,0.80256662,0.69435153,10
57,分解,0.00415282,3.09675189,0.01286027,5,v,0.79261515,0.74237553,10
57,便秘,0.00664452,1.92722436,0.01280548,8,a,0.66824642,0.75482531,10
58,腸道,0.01207729,3.4072645,0.04115054,5,n,0.64503133,0.45462099,10
58,期刊,0.01690821,3.94090405,0.06663364,7,n,0.8945321,0.65423208,10
58,細胞,0.00966184,3.69817376,0.03573115,4,n,0.60295737,0.60840123,10
58,菌種,0.00966184,4.77968881,0.04618057,4,n,0.58534033,0.52848974,10
58,國際學術,0.01449275,7.64819552,0.11084341,6,n,1.02939687,0.69747474,10
59,益生菌,0.02610276,0.22670857,0.00591772,158,n,0.67285679,0.58955609,10
59,Probiotics,0.00132166,4.45662441,0.00589014,8,eng,1.09440429,1.06043006,10
59,乳酸菌,0.00644309,2.14488171,0.01381966,39,n,0.88168701,0.74550043,10
59,人體,0.00379977,2.66282459,0.01011812,23,n,0.4195322,0.35162851,10
59,發現,0.00413018,2.18836681,0.00903836,25,v,0.53528129,0.28028331,10
59,Lactobacillus,0.00627788,5.13757332,0.03225306,38,n,1.16631844,1.12692184,10
59,摘錄,0.00066083,6.67961356,0.00441408,4,v,0.89975784,0.78645941,10
59,發酵,0.00148687,3.77893499,0.00561877,9,v,0.68161816,0.61281129,10
59,治療,0.00561705,3.12875459,0.01757437,34,v,0.58827882,0.57181486,10
59,腸道,0.00743433,3.4072645,0.02533073,45,n,0.64503133,0.45462099,10
59,微生物,0.00379977,2.67824906,0.01017673,23,n,0.66192691,0.66605137,10
59,酵母菌,0.00115645,4.51018034,0.0052158,7,n,0.81900203,0.74454105,10
59,乳酸乳球菌,0.00066083,7.32030951,0.00483748,4,n,0.8131834,0.83208144,10
59,lactis,0.00165207,6.33951386,0.01047334,10,eng,1.22588838,1.13793881,10
59,陰道,0.00115645,5.2130804,0.00602867,7,n,0.5453296,0.54459653,10
59,宿主,0.0023129,4.75872377,0.01100647,14,n,0.88080403,0.7929773,10
59,來源,0.00165207,3.05058988,0.0050398,10,n,0.5214853,0.27790158,10
59,Metchnikoff,0.00132166,8.01125494,0.01058814,8,eng,1.03401257,1.08003933,10
59,org,0.00099124,4.37422512,0.00433592,6,eng,1.94931982,1.45620702,10
59,加利,0.00165207,4.11229619,0.00679381,10,n,0.8422266,0.45918574,10
59,乳桿菌,0.00429539,5.03951267,0.02164668,26,n,0.73430634,0.600195,10
59,大腸,0.00264332,4.32462831,0.01143137,16,n,0.6832304,0.64407185,10
59,桿菌,0.0067735,3.88568086,0.02631966,41,n,0.58438191,0.45765651,10
59,Nissle,0.00148687,9.15799781,0.01361672,9,eng,1.14132309,1.10545244,10
59,1917,0.00181728,5.36071536,0.00974192,11,m,1.55613909,1.03271873,10
59,coli,0.00148687,6.84898291,0.01018352,9,eng,1.57479639,1.42018668,10
59,嗜酸乳桿菌,0.00132166,5.69809406,0.00753094,8,n,0.65621466,0.66351813,10
59,acidophilus,0.00148687,5.77645649,0.00858882,9,eng,1.17759839,1.09286451,10
59,casei,0.00165207,6.33348381,0.01046338,10,eng,1.42298262,1.19365069,10
59,科學家,0.00115645,4.66757196,0.00539782,7,n,0.81607759,0.66904968,10
59,嬰兒,0.00247811,2.43968114,0.0060458,15,n,0.62738271,0.38467116,10
59,細菌,0.00413018,3.561415,0.0147093,25,n,0.62647355,0.55227969,10
59,雙歧桿菌,0.00280852,5.41520312,0.01520873,17,n,0.62323454,0.63466762,10
59,Bifidobacterium,0.0023129,5.77073244,0.01334714,14,n,1.12472033,1.05721647,10
59,腹瀉,0.0044606,4.39997754,0.01962653,27,v,0.47469595,0.51622196,10
59,減少,0.00413018,3.16181543,0.01305888,25,v,0.63562693,0.39786109,10
59,疾病,0.00346935,1.61479011,0.00560228,21,n,0.6026606,0.65858029,10
59,證明,0.00148687,3.63687332,0.00540754,9,n,0.6504789,0.39306997,10
59,研究,0.01007765,1.36586378,0.01376469,61,v,1.10728342,0.73666617,10
59,菌株,0.00363456,3.82027627,0.01388503,22,n,0.85506431,0.84921757,10
59,人類,0.00132166,3.64774298,0.00482107,8,n,0.64588312,0.31217983,10
59,產生,0.00396498,3.08112658,0.01221659,24,n,0.63044777,0.40175546,10
59,抑制,0.00429539,2.41548642,0.01037546,26,v,0.71622084,0.74652839,10
59,指出,0.00181728,3.04309922,0.00553017,11,v,0.9238862,0.58986211,10
59,subsp,0.00099124,7.09932947,0.00703717,6,eng,1.32776818,1.28906775,10
59,抗生素,0.0023129,3.18734871,0.00737203,14,n,0.68553605,0.63379961,10
59,致病菌,0.00198249,3.51969121,0.00697775,12,n,0.65690423,0.60514834,10
59,沙門氏,0.00066083,7.147902,0.00472354,4,n,0.62703963,0.64494719,10
59,實驗,0.00297373,3.67825848,0.01093816,18,v,0.58803786,0.37407497,10
59,一種,0.00165207,2.86576532,0.00473445,10,m,0.78771527,0.59445602,10
59,許多,0.00148687,3.08112658,0.00458122,9,m,0.52964257,0.35032413,10
59,代田,0.00066083,7.93089043,0.00524097,4,n,0.91920586,0.91612661,10
59,乳酸桿菌,0.0023129,5.29475787,0.01224626,14,n,0.5864499,0.47313222,10
59,作用,0.00495622,1.28036448,0.00634577,30,v,0.43087399,0.48954576,10
59,小腸,0.00099124,5.56138437,0.00551269,6,n,0.72366743,0.79304312,10
59,增加,0.00561705,1.42179233,0.00798628,34,v,0.59909645,0.39395836,10
59,預防,0.00346935,3.08112658,0.01068952,21,v,0.56200672,0.60276391,10
59,活性,0.0023129,2.3169219,0.00535881,14,n,0.72346176,0.74454331,10
59,調節,0.00429539,3.54156326,0.0152124,26,v,0.75645071,0.60422258,10
59,改善,0.00479101,1.25009736,0.00598923,29,v,0.6408148,0.61059502,10
59,症狀,0.00297373,3.47618058,0.01033723,18,n,0.42801503,0.43775402,10
59,促進,0.0021477,3.14514839,0.00675482,13,v,0.54849088,0.5182286,10
59,機制,0.00181728,4.31127702,0.0078348,11,n,0.85543594,0.45478348,10
59,包括,0.0044606,1.4336619,0.00639499,27,v,0.92349521,0.37746495,10
59,菌種,0.00280852,4.77968881,0.01342387,17,n,0.58534033,0.52848974,10
59,細胞,0.0180076,3.69817376,0.06659523,109,n,0.60295737,0.60840123,10
59,共生,0.00132166,4.69444488,0.00620445,8,n,1.00817768,0.79450204,10
59,已經,0.00330415,2.39186329,0.00790307,20,d,0.86998784,0.48696096,10
59,顯示,0.00429539,2.51159369,0.01078828,26,v,0.667531,0.26321849,10
59,臨床,0.00479101,4.23963532,0.02031215,29,v,0.73199181,0.71016681,10
59,免疫,0.01073848,1.32621403,0.01424152,65,v,0.65632134,0.67047665,10
59,特異性,0.00132166,6.41486172,0.00847826,8,n,0.93662556,0.86494258,10
59,相互作用,0.00099124,4.74226256,0.00470074,6,l,0.85449327,0.73943044,10
59,試驗,0.00512143,4.40579149,0.02256394,31,v,0.59040944,0.41747789,10
59,上皮,0.00413018,4.51667385,0.01865469,25,n,0.86409758,0.79619332,10
59,屏障,0.00148687,4.06765551,0.00604806,9,n,0.65254841,0.62447189,10
59,降低,0.00462581,2.1238283,0.00982442,28,v,0.68686787,0.4994125,10
59,過敏,0.0023129,3.12875459,0.0072365,14,n,0.52349624,0.48703641,10
59,反應,0.00479101,3.39022471,0.01624261,29,v,0.5406576,0.40048924,10
59,分泌,0.00280852,2.8783441,0.0080839,17,v,0.59003747,0.71218646,10
59,抗原,0.00148687,4.98602427,0.00741355,9,n,0.86402187,0.87922559,10
59,受體,0.00148687,6.85234414,0.01018852,9,n,0.61683277,0.48112492,10
59,黏附,0.00082604,6.22712382,0.00514383,5,v,0.72954496,0.73388222,10
59,黏膜,0.00247811,3.94457377,0.00977509,15,n,0.69636831,0.70050554,10
59,增強,0.00198249,3.51369959,0.00696587,12,v,3.35635492,0.53908573,10
59,病原,0.0021477,4.89641256,0.010516,13,n,0.93207794,0.75050432,10
59,植物乳桿菌,0.00099124,6.72599734,0.0066671,6,n,0.82013534,0.61038152,10
59,具有,0.00363456,1.39990962,0.00508806,22,v,0.51366999,0.39460249,10
59,LA1,0.00099124,9.73610502,0.00965086,6,eng,1.24110822,0.94560056,10
59,johnsonii,0.00066083,8.49241378,0.00561204,4,eng,1.18117451,1.13752714,10
59,因子,0.00429539,3.39128123,0.01456688,26,n,0.82230365,0.63900665,10
59,factor,0.00115645,5.05056245,0.00584073,7,eng,1.93935356,1.60357549,10
59,基因,0.00165207,3.17876497,0.00525155,10,n,0.85375086,0.61843995,10
59,Streptococcus,0.00115645,6.47534913,0.00748843,7,eng,1.36178942,0.95169489,10
59,誘導,0.0021477,6.1083423,0.01311886,13,v,0.97626942,0.79473591,10
59,鼠李糖乳桿菌,0.00247811,6.39123062,0.01583817,15,n,0.93234622,0.62468471,10
59,LGG,0.00181728,5.60878616,0.01019274,11,eng,1.14395945,0.85417055,10
59,輪狀,0.00099124,6.79987481,0.00674034,6,n,0.80941548,0.6482526,10
59,病毒,0.0023129,2.12979847,0.00492602,14,n,0.80892238,0.55977536,10
59,減輕,0.00115645,4.29548726,0.00496752,7,v,0.66943935,0.60288392,10
59,證據,0.00181728,4.93525221,0.00896874,11,n,0.8741774,0.67462928,10
59,表達,0.00132166,3.84993243,0.0050883,8,v,0.98047836,0.57972866,10
59,VSL,0.00148687,8.42691019,0.01252969,9,eng,1.28532249,1.08834824,10
59,經由,0.00115645,4.6303931,0.00535482,7,p,0.54158002,0.4438476,10
59,GG,0.00247811,3.47963879,0.00862293,15,eng,1.79966241,1.30070794,10
59,活化,0.00132166,3.86001653,0.00510162,8,v,0.67394427,0.65063952,10
59,學者,0.00148687,4.45662441,0.0066264,9,n,0.84561407,0.64401828,10
59,信號,0.00115645,4.46586944,0.00516456,7,n,0.57246877,0.37098452,10
59,微環境,0.00066083,7.147902,0.00472354,4,l,0.81313132,0.47088751,10
59,一項,0.00132166,4.4145763,0.00583456,8,m,0.9614563,0.37068097,10
59,隨機,0.0021477,3.73624565,0.00802432,13,d,0.85602982,0.52240986,10
59,雙盲,0.00148687,7.87318766,0.01170638,9,n,0.67219223,0.45035434,10
59,安慰,0.00165207,3.83829474,0.00634114,10,v,0.80487837,0.65612653,10
59,對照,0.0021477,4.47520073,0.00961137,13,p,0.64213857,0.49927889,10
59,濃度,0.00181728,3.81058315,0.0069249,11,n,0.75441665,0.71941583,10
59,梭狀,0.00099124,7.93089043,0.00786145,6,n,0.82811085,0.74769462,10
59,芽孢,0.00280852,4.38273578,0.01230902,17,n,0.78300315,0.79070269,10
59,NF,0.00099124,4.84084297,0.00479846,6,eng,1.73926129,1.14079934,10
59,35624,0.00082604,8.46670983,0.00699381,5,m,1.36816621,1.12816487,10
59,infantis,0.00082604,7.61156408,0.00628743,5,eng,2.081644,1.56642381,10
59,洛德,0.00115645,6.05537124,0.00700274,7,nrt,0.93710412,0.6558769,10
59,reuteri,0.00115645,6.96634239,0.00805624,7,eng,1.11364357,1.09048726,10
59,球蛋白,0.00099124,4.49731847,0.00445794,6,l,0.71015613,0.62351561,10
59,干擾素,0.00082604,6.83234414,0.00564377,5,n,0.62047092,0.59100652,10
59,簡稱,0.00198249,5.12552505,0.01016129,12,v,0.66216126,0.42500981,10
59,IFN,0.00082604,7.24275529,0.00598278,5,eng,1.27071212,1.21800089,10
59,應答,0.00099124,7.47087364,0.00740546,6,v,0.91072987,0.74485485,10
59,Treg,0.00099124,7.94685724,0.00787727,6,eng,1.2394224,1.0472341,10
59,IL,0.00297373,4.69056139,0.01394847,18,eng,2.5616956,1.82911899,10
59,動物,0.00198249,3.19600676,0.00633605,12,n,0.83027662,0.38777913,10
59,TGF,0.00115645,7.50262032,0.00867642,7,eng,1.27017075,1.18363321,10
59,產兒,0.00066083,6.83234414,0.00451501,4,n,0.85014938,0.77367755,10
59,rhamnosus,0.0023129,6.22892721,0.0144069,14,eng,1.19733502,1.13083389,10
59,Th1,0.00198249,6.63257992,0.01314901,12,eng,1.1751532,1.05586006,10
59,結腸炎,0.00148687,7.08223577,0.01053034,9,n,0.81533495,0.75033826,10
59,Th2,0.00165207,6.30386723,0.01041445,10,eng,1.1232434,1.01076155,10
59,路徑,0.00082604,5.71522491,0.00472099,5,n,0.78318589,0.45918356,10
59,證實,0.00148687,4.27226046,0.00635228,9,n,0.72361154,0.56709847,10
59,IgA,0.00115645,5.98931739,0.00692635,7,eng,1.33904609,1.34125724,10
59,急性,0.0021477,2.92365926,0.00627913,13,n,0.72648461,0.77725891,10
59,乳糖不耐症,0.00099124,5.77301813,0.00572247,6,n,0.80412961,0.81785563,10
59,乳糖,0.00247811,3.32581826,0.00824174,15,n,0.80256662,0.69435153,10
59,患者,0.00297373,2.25396407,0.00670269,18,n,0.7279608,0.6946498,10
59,Clostridium,0.00066083,7.38699718,0.00488154,4,eng,1.41725587,1.40455706,10
59,球菌,0.00280852,4.04301365,0.0113549,17,n,0.78772974,0.72728781,10
59,布拉,0.00115645,4.14544833,0.00479401,7,nrt,0.88200364,0.46421314,10
59,Saccharomyces,0.00066083,6.94765095,0.00459121,4,eng,1.28041441,1.29075067,10
59,boulardii,0.00132166,8.0495277,0.01063873,8,eng,1.17765039,1.1242697,10
59,比菲德氏菌,0.00132166,5.79733868,0.0076621,8,n,0.63946303,0.5887609,10
59,bifidum,0.00066083,7.00480719,0.00462898,4,eng,1.57723239,0.92860298,10
59,CDI,0.00082604,6.74396136,0.00557076,5,eng,2.50410959,2.07270232,10
59,雙歧桿菌屬,0.00082604,8.47862284,0.00700365,5,n,0.74487828,0.75192488,10
59,潰瘍性,0.00099124,6.95882384,0.00689789,6,n,0.70460056,0.74456406,10
59,UC,0.00099124,5.21963776,0.00517393,6,eng,1.51488371,0.94676251,10
59,Crohn,0.00066083,8.67887513,0.00573526,4,eng,1.31238688,1.26894698,10
59,緩解,0.00198249,4.03694691,0.0080032,12,v,0.59030779,0.58121901,10
59,病患,0.00115645,4.47520073,0.00517535,7,n,0.81626742,0.69234452,10
59,副乾酪乳桿菌,0.00082604,6.80628488,0.00562224,5,n,0.75329395,0.761625,10
59,paracasei,0.00132166,6.5748226,0.00868967,8,eng,1.03607203,1.00376454,10
59,袋炎,0.00066083,9.17502819,0.00606313,4,n,0.7827605,0.69857393,10
59,激躁,0.00082604,6.80307471,0.00561959,5,a,0.85179744,0.86720115,10
59,胰腺炎,0.00099124,4.8054412,0.00476336,6,n,0.75881123,0.76339295,10
59,醫學,0.00132166,3.31596597,0.00438258,8,n,0.5181746,0.42146557,10
59,性球,0.00066083,7.87318766,0.00520283,4,n,0.82662273,0.49768381,10
59,過敏性鼻炎,0.00099124,6.03138244,0.00597857,6,n,0.57730135,0.51855951,10
59,異位性皮膚炎,0.00181728,5.50731764,0.01000834,11,n,0.64019577,0.66396441,10
59,乳桿菌屬,0.00082604,8.41881429,0.00695425,5,n,0.7810216,0.77340247,10
59,龍根菌,0.00099124,6.05082929,0.00599785,6,n,0.38726332,0.37652351,10
59,憂鬱,0.00181728,4.4689702,0.00812137,11,a,0.88558163,0.70186669,10
59,PS128,0.00115645,6.73793743,0.0077921,7,eng,0.98052881,0.86392307,10
59,蔡英傑,0.00066083,6.96257605,0.00460107,4,n,0.69235456,0.66357917,10
59,膽固醇,0.00148687,4.33816028,0.00645026,9,n,0.48515858,0.59226075,10
59,幽門,0.00132166,6.01813741,0.00795392,8,n,0.82294612,0.84015665,10
59,菌門,0.00066083,8.49589144,0.00561433,4,n,0.73492557,0.58388001,10
59,Bacilli,0.00066083,8.62196076,0.00569764,4,eng,1.34602458,1.33022135,10
59,Bacillales,0.00082604,10.865282,0.00897512,5,eng,1.29392782,1.28642521,10
59,Bacillus,0.00099124,6.16258642,0.00610863,6,eng,1.33567519,1.36528631,10
60,腸道,0.01627034,3.4072645,0.05543734,13,n,0.64503133,0.45462099,10
60,菌種,0.01376721,4.77968881,0.06580297,11,n,0.58534033,0.52848974,10
60,產品,0.01627034,1.72833347,0.02812057,13,n,0.51295934,0.36098636,10
60,好菌,0.00750939,4.08231542,0.03065569,6,n,0.65906116,0.58966176,10
60,乳酸菌,0.01126408,2.14488171,0.02416012,9,n,0.88168701,0.74550043,10
60,球菌,0.01126408,4.04301365,0.04554083,9,n,0.78772974,0.72728781,10
60,菌數,0.00625782,5.84045861,0.03654855,5,n,0.60189053,0.48111404,10
60,廠商,0.01001252,3.33977659,0.03343957,8,n,0.77396694,0.36433139,10
60,定殖,0.00500626,4.6340494,0.02319925,4,n,0.94661892,0.70701614,10
60,業者,0.00625782,3.64501446,0.02280985,5,n,1.55576999,0.71771948,10
60,天然優格粉,0.00500626,9.42771766,0.04719759,4,n,0.69483846,0.58727147,10
60,寡糖,0.01376721,4.20804103,0.05793298,11,n,0.79823293,0.72233488,10
60,優格,0.00500626,3.841606,0.01923207,4,n,0.72930945,0.43748902,10
60,膳食纖維,0.00750939,3.80897673,0.02860308,6,n,0.53777513,0.56202772,10
60,果糖,0.00500626,4.01304144,0.02009032,4,n,0.7328552,0.74505222,10
60,包膜,0.00500626,5.62839444,0.02817719,4,n,0.46545874,0.28553545,10
60,熱縮膜,0.00750939,8.33087607,0.06255977,6,n,0.71790464,0.65773526,10